Workbook

Sheet Persamaan Total
A1: Tahun | B1: Semester | C1: APSU (Luas areal padi sawah di Sumatera Utara ) | D1: HGSU/HFSU (Harga gabah di tingkat petani Sumatera Utara (Rp/kg) dideflasi dengan indeks harga pedagang besar Indonesia (2010=100 untuk semua pendeflasian)/Harga pupuk kombinasi di Sumatera Utara (Rp/kg) dideflasi dengan indeks harga umum Indonesia | G1: AISU (Luas areal sawah beririgasi di Sumatera Utara (1000 ha)) | H1: CHSU (Jumlah curah hujan rata-rata di Sumatera Utara (mm/tahun)) | I1: YISU (Produktifitas padi sawah di Sumatera Utara (ton/ha)) | J1: APSU_t-1 (Luas areal padi sawah di Sumatera Utara (1000 ha) Bedakala satu tahun dari tahun t | K1: JPSU(Penggunaan pupuk di Sumatera Utara (Kg/Ha)) | L1: ATSU ( Proporsi areal sawah intensifikasi di Sumatera Utara (%) | M1: jpsu_t-1 (Penggunaan pupuk di Sumatera Utara (Kg/Ha) Bedakala satu tahun dari tahun t | N1: PSSU Produksi padi sawah di Sumatera Utara (1000 ton) | O1: APSU (Luas areal padi sawah di Sumatera Utara (1000 ha) | P1: APSU_YISU (Luas areal padi sawah di Sumatera Utara (1000 ha)*Produktifitas padi sawah di Sumatera Utara (ton/ha) | Q1: TPSU (Total produksi padi Sumatera Utara (1000 ton) | R1: PLSU (Produksi padi ladang di Sumatera Utara (1000 ton) | S1: TPBSU (Total produksi beras Sumatera Utara (1000 ton) | T1: K(Faktor konversi dari padi/gabah menjadi beras) | U1: TPSU(Total produksi padi Sumatera Utara (1000 ton) | V1: BSPI (Harga eceran beras di pasar domestik (Rp/kg) dideflasi dengan) | W1: P (Proporsi beras untuk benih, penggunaan lain dan susut (%)) | X1: TPBI (Total produksi beras nasional (1000 ton)) | Y1: STBI(Jumlah stok beras nasional akhir tahun di Bulog (1000 ton) | Z1: HBDI(Harga beras tingkat konsumen domestik secara nasional (Rp/kg) dideflasi dengan indeks harga pedagang besar Indonesia) | AA1: LSBI(Jumlah pelepasan stok beras Bulog untuk operasi pasar (1000 ton) | AB1: ASBI (Jumlah pengadaan beras dari dalam negeri untuk stok Bulog (1000 ton) | AC1: IMBI(Jumlah impor beras Indonesia (1000 ton) | AD1: INRG(Tingkat bunga riil pinjaman Bulog (%) yaitu tingkat bunga nominal dikurangi lanju inflasi | AE1: MPBI(Marjin pemasaran beras domestik pada tahun t (Rp/kg) dideflasi dengan indeks harga pedagang besar Indonesia) | AF1: STBI_T-1 (Jumlah stok beras nasional akhir tahun di Bulog (1000 ton) Bedakala satu tahun dari tahun t | AG1: QSBI(Total penawaran beras di pasar domestik (1000 ton) | AH1: TPBI(Total produksi beras nasional (1000 ton) | AI1: BSPI(Harga eceran beras di pasar domestik (Rp/kg) dideflasi dengan indeks harga pedagang besar Indonesia) | AJ1: EXBI(Jumlah ekspor beras Indonesia(1000 ton) | AK1: KOBI(Jumlah konsumsi beras untuk pangan (1000 ton) | AL1: HJGN | AM1: GDPI(Pendapatan riil per kapita penduduk Indonesia (Rp juta/kapita) dengan tahun dasar 1990=100) | AN1: POPI(Jumlah total penduduk Indonesia (1.000.000 orang) | AO1: RKPD(Rasio penduduk perkotaan dan pedesaan (orang)) | AP1: LOGt | AQ1: KOBI-t(Jumlah konsumsi beras untuk pangan (1000 ton) Bedakala satu tahun dari tahun t | AR1: IHBI(Nilai intervensi harga eceran beras di pasar domestik (Rp/kg) dideflasi dengan indeks harga pedagang besar Indonesia) | AS1: HIMI*ECRI (Harga impor beras Indonesia (US $/kg) dideflasi dengan indeks harga pedagang besar Indonesia*Nilai tukar rupiah terhadap dollar USA (Rp/US $) dideflasi dengan rasio indeks harga konsumen Indonesia dan USA) | AV1: TPBI-TPBI_t (Total produksi beras nasional (1000 ton)-Total produksi beras nasional (1000 ton) Tahun t) | AW1: QSBI_KOBI(Total penawaran beras di pasar domestik (1000 ton) Jumlah konsumsi beras untuk pangan (1000 ton) | AZ1: HGBI | BA1: HBDI_t Harga beras tingkat konsumen domestik secara nasional (Rp/kg) dideflasi dengan indeks harga pedagang besar Indonesia Tahun t | BB1: HESU (Harga eceran beras di wilayah Sumatera Utara (Rp/kg) dideflasi dengan indeks harga pedagang besar Indonesia) | BC1: HGSU (Harga gabah di tingkat petani Sumatera Utara (Rp/kg) dideflasi dengan indeks harga pedagang besar Indonesia (2010=100 untuk semua pendeflasian) | BD1: T(Peubah kecenderungan waktu) | BE1: HESU_T (Harga gabah di tingkat petani Sumatera Utara (Rp/kg) dideflasi dengan indeks harga pedagang besar Indonesia (2010=100 untuk semua pendeflasian) Peubah kecenderungan waktu | BF1: MPBI (Marjin pemasaran beras domestik pada tahun t (Rp/kg) dideflasi dengan indeks harga pedagang besar Indonesia) | BG1: MPSU(Nilai marjin pemasaran beras di wilayah Sumatera Utara (Rp/Kg) dideflasi dengan indeks harga pedagang besar Indonesia) | BH1: MPSS (Nilai marjin pemasaran beras di pulau Sumatera selain Sumatera Utara (Rp/Kg) dideflasi dengan indeks harga pedagang besar Indonesia) | BI1: HESS (Harga eceran beras di wilayah Sumatera selain Sumatera Utara (Rp/kg) dideflasi dengan indeks harga pedagang besar Indonesia) | BJ1: HGBI (Harga gabah di tingkat petani secara nasional) | BK1: HDGB | BL1: MPBI (Marjin Pemasaran Beras Domestik Pada Tahun t (Rp/kg) dideflasi dengan indeks harga pedagang besar Indonesia ) | BM1: TPPI | BN1: HEPS | BO1: PSSU+PLSU (Produksi padi sawah di Sumatera Utara (1000 ton)+ Produksi padi ladang di Sumatera Utara (1000 ton) | BR1: ASBI/(TPPIt-TPPIt-1 (Jumlah Pengadaan Beras Dari Dalam Negeri Untuk Stok Bulog (1000 ton) | BV1: T (Peubah kecenderungan waktu) | BW1: MPSS (Nilai marjin pemasaran beras di pulau Sumatera selain Sumatera Utara (Rp/Kg) dideflasi dengan indeks harga pedagang besar Indonesia) | BX1: PSSS+PLSS (Produksi padi sawah selain Sumatera Utara (1000 ton)+Produksi padi ladang selain Sumatera Utara (1000 ton) | CA1: HGSS (Harga gabah di tingkat petani selain Sumatera Utara (Rp/kg) dideflasi dengan indeks harga pedagang besar Indonesia (2010=100 untuk semua pendeflasian) | CB1: PESU (Pendapatan usahatani padi sawah di Sumatera Utara (Rp 1000/Ha) dideflasi dengan indeks harga pedagang besar Indonesia) | CC1: BUSU (Biaya upah tenaga kerja usahatani di Sumatera Utara (Rp 1000/Ha) dideflasi dengan indeks harga pedagang besar Indonesia) | CD1: BKSU (Biaya pestisida untuk usahatani padi di Sumatera Utara (Rp 1000/Ha) dideflasi dengan indeks harga pedagang besar Indonesia) | CE1: BLSU (Biaya lainnya untuk usahatani padi di Sumatera Utara (Rp 1000/Ha) dideflasi dengan indeks harga pedagang besar Indonesia) | CF1: PESS (Pendapatan usahatani padi sawah di Sumatera selain Sumatera Utara (Rp 1000/Ha) dideflasi dengan indeks harga pedagang besar Indonesia) | CG1: YISS (Produktifitas padi sawah selain Sumatera Utara (ton/ha) | CH1: HFSS (Harga pupuk kombinasi selain Sumatera Utara (Rp/kg) dideflasi dengan indeks harga umum Indonesia | CI1: JPSS (Penggunaan pupuk selain Sumatera Utara (Kg/Ha) | CJ1: BUSS (Biaya upah tenaga kerja usahatani di Pulau Sumatera selain Sumatera Utara (Rp 1000/Ha) dideflasi dengan indeks harga pedagang besar Indonesia) | CK1: BKSS (Biaya pestisida untuk usahatani padi di Pulau Sumatera selain Sumatera Utara (Rp 1000/Ha) dideflasi dengan indeks harga pedagang besar Indonesia) | CL1: BLSS (Biaya lainnya untuk usahatani padi di Pulau Sumatera selain Sumatera Utara (Rp 1000/Ha) dideflasi dengan indeks harga pedagang besar Indonesia) | CM1: STBIt-1 | CN1: KOBI_STBI | CO1: IMBIt-1 | CP1: HMBW | CQ1: HIMIt-1 | CR1: ANSU (Nilai Akses Pangan di Sumatera Utara) | CS1: PPSU (Preferensi terhadap Jenis Pangan dan Pendidikan di Sumatera Utara) | CT1: KBSU (Kondisi jumlah kasus konflik sosial-politik ditambah jumlah fenomena bencana alam di Sumatera Utara (jumlah kejadian pertahun) | CU1: KKSU (Kesempatan Kerja di Sumatera Utara (orang)) | CV1: PKSS (Pendapatan masyarakat perkapita di Pulau Sumatera selain Sumatera Utara (Rp) | CW1: PJSU (Panjang jalan (provinsi ditambah kabupaten/kota) di Sumatera Utara (km) | CX1: ANSUt-1 | CY1: ANSS (Nilai Akses Pangan di Sumatera Utara di Pulau Sumatera selain Sumatera Utara) | CZ1: PPSS (Preferensi terhadap Jenis Pangan dan Pendidikan di Pulau Sumatera selain Sumatera Utara) | DA1: KBSS (Kondisi jumlah kasus konflik sosial-politik ditambah jumlah fenomena bencana alam di Pulau Sumatera selain Sumatera Utara(jumlah kejadian pertahun) | DB1: KKSS (Kesempatan Kerja di Pulau Sumatera selain Sumatera Utara (orang) | DC1: PKSS (Pendapatan masyarakat perkapita di Pulau Sumatera selain Sumatera Utara (Rp)) | DD1: PJSS (Panjang jalan (provinsi ditambah kabupaten/kota) di Pulau Sumatera selain Sumatera Utara (km) | DE1: PYSU (Nilai penyerapan pangan di Sumatera Utara ) | DF1: KESU (Total konsumsi energi di Sumatera Utara ) | DG1: SKSS (Sanitasi dan Akses Ketersediaan Air Bersih di Sumatera selain Sumatera Utara (unit)) | DH1: IBSU (Nilai pengetahuan Ibu Rumah Tangga tentang pola makan dan pola asuh kesehatan di Sumatera Utara(unit) | DI1: PYSUt-1 | DJ1: PYSS (Nilai penyerapan pangan di Sumatera selain Sumatera Utara) | DK1: KESS (Total konsumsi energi di Pulau Sulawesi selain Sumatera Utara) | DL1: KGSS (Kecukupan gizi di Sumatera selain Sumatera Utara (%) | DM1: FKSS (Jumlah Fasilitas Kesehatan di Sumatera selain Sumatera Utara (unit)) | DN1: SKSS (Sanitasi dan Akses Ketersediaan Air Bersih di Sumatera selain Sumatera Utara (unit) | DO1: IBSS (Nilai pengetahuan Ibu Rumah Tangga tentang pola makan dan pola asuh kesehatan di Sumatera selain Sumatera Utara (unit) | DP1: PYSSt
D2: HGSU | E2: HFSU | F2: HGSU/HFSU | AS2: HIMI | AT2: ECRI | AW2: QSBI | AX2: KOBI | AY2: QSBI_KOBI | BO2: PSSU | BP2: PLSU | BQ2: PSSU+PLSU | BR2: ASBI | BS2: TPPI | BT2: TPPIt-1 | BX2: PSSS | BY2: PLSS | DJ2: 0 | DK2: 0 | DL2: 0 | DM2: 0 | DN2: 0 | DO2: 0 | DP2: 0
A3: 2000 | B3: 1 | C3: 375.798 | D3: 1890 | E3: 1050 | F3: 1.8 | G3: 61.811 | H3: 2249 | I3: 31.33 | J3: 371848 | K3: 129 | L3: 2.64 | M3: 131 | N3: 11773.751 | O3: 375.798 | P3: 11773.751 | Q3: 50768.751 | R3: 38995 | S3: 6000.8664 | T3: 0.1182 | U3: 50768.751 | V3: 47287.097 | W3: 0.0024 | X3: 19702957 | Y3: 922.227 | Z3: 7081 | AA3: 1526.345 | AB3: 758.726 | AC3: 1171.665 | AD3: 0.058 | AE3: 755.7708 | AF3: 912947 | AG3: 23248.754 | AH3: 19702957 | AI3: 47287.097 | AJ3: 758726 | AK3: 27275.254 | AL3: 4347 | AM3: 7081 | AN3: 229.16128 | AO3: 43.812323 | AP3: 3.30103 | AQ3: 26402.445 | AR3: 363.5 | AS3: 1500 | AT3: 8719 | AU3: 13078500 | AV3: 745783.06 | AW3: 23248.754 | AX3: 27275.254 | AY3: -4026.5002 | AZ3: 2073 | BA3: 5753 | BB3: 6394 | BC3: 1890 | BD3: 2000 | BE3: 5753 | BF3: 755.7708 | BG3: 687 | BH3: 687 | BI3: 6394 | BJ3: 2073 | BK3: 1406 | BL3: 755.7708 | BM3: 1483290 | BN3: 1984 | BO3: 11773.751 | BP3: 38995 | BQ3: 50768.751 | BR3: 758.726 | BS3: 1483290 | BT3: 1397439 | BU3: 0.0088377072 | BV3: 2000 | BW3: 687 | BX3: 11773.751 | BY3: 38995 | BZ3: 50768.751 | CA3: 1948.59 | CB3: 11778.637 | CC3: 1816.302 | CD3: 22000 | CE3: 258531 | CF3: 11566621 | CG3: 32.62 | CH3: 604489 | CI3: 140 | CJ3: 1816302 | CK3: 22000 | CL3: 258531 | CM3: 912947 | CN3: -885671.75 | CO3: 1147060 | CP3: 0 | CQ3: 1463 | CR3: 59.86 | CS3: 69.75 | CT3: 500 | CU3: 90.54 | CV3: 2554 | CW3: 23514.57 | CX3: 59.37 | CY3: 59.86 | CZ3: 69.75 | DA3: 500 | DB3: 90.54 | DC3: 2554 | DD3: 23514.57 | DE3: 105.65 | DF3: 580.33 | DG3: 66.85 | DH3: 67.56 | DI3: 100.32 | DJ3: 105.65 | DK3: 580.33 | DL3: 61.811 | DM3: 2249 | DN3: 66.85 | DO3: 67.56 | DP3: 100.32
B4: 2 | C4: 377.773 | D4: 1984.5 | E4: 1075 | F4: 1.845 | G4: 66.429 | H4: 1951.5 | I4: 33.465 | J4: 373823 | K4: 128 | L4: 2.685 | M4: 130 | N4: 12646.39 | O4: 377.773 | P4: 12646.39 | Q4: 84734.89 | R4: 72088.5 | S4: 9962.2485 | T4: 0.11775 | U4: 84734.89 | V4: 49325.192 | W4: 0.00245 | X4: 20124136 | Y4: 942.443 | Z4: 7132 | AA4: 1630.414 | AB4: 764.503 | AC4: 1204.452 | AD4: 0.056 | AE4: 758.58255 | AF4: 917587 | AG4: 23657.893 | AH4: 20124136 | AI4: 49325.192 | AJ4: 764503 | AK4: 27553.573 | AL4: 4564.35 | AM4: 7132 | AN4: 229.86451 | AO4: 44.100854 | AP4: 3.3011385 | AQ4: 26838.85 | AR4: 365.25 | AS4: 1600 | AT4: 8738.5 | AU4: 13983550 | AV4: 1211088.8 | AW4: 23657.893 | AX4: 27553.573 | AY4: -3895.6797 | AZ4: 2181.5 | BA4: 6073.5 | BB4: 6442.5 | BC4: 1984.5 | BD4: 2000 | BE4: 6073.5 | BF4: 758.58255 | BG4: 689.5 | BH4: 689.5 | BI4: 6442.5 | BJ4: 2181.5 | BK4: 1636.5 | BL4: 758.58255 | BM4: 1579179 | BN4: 2083 | BO4: 12646.39 | BP4: 72088.5 | BQ4: 84734.89 | BR4: 764.503 | BS4: 1579179 | BT4: 1440364.5 | BU4: 0.0064271131 | BV4: 2000 | BW4: 689.5 | BX4: 12646.39 | BY4: 72088.5 | BZ4: 84734.89 | CA4: 2035.6245 | CB4: 11967.047 | CC4: 1843.425 | CD4: 22750 | CE4: 261169 | CF4: 12335102 | CG4: 34.255 | CH4: 626541 | CI4: 135 | CJ4: 1843425 | CK4: 22750 | CL4: 261169 | CM4: 917587 | CN4: -890033.43 | CO4: 1159362.5 | CP4: 0 | CQ4: 1481.5 | CR4: 59.81 | CS4: 69.645 | CT4: 501 | CU4: 90.44 | CV4: 2591 | CW4: 24030.025 | CX4: 59.615 | CY4: 59.81 | CZ4: 69.645 | DA4: 501 | DB4: 90.44 | DC4: 2591 | DD4: 24030.025 | DE4: 102.65 | DF4: 600.17 | DG4: 66.98 | DH4: 67.72 | DI4: 102.985 | DJ4: 102.65 | DK4: 600.17 | DL4: 66.429 | DM4: 1951.5 | DN4: 66.98 | DO4: 67.72 | DP4: 102.985
A5: 2001 | B5: 1 | C5: 379.748 | D5: 2079 | E5: 1100 | F5: 1.89 | G5: 71.047 | H5: 1654 | I5: 35.6 | J5: 375798 | K5: 127 | L5: 2.73 | M5: 129 | N5: 13519.029 | O5: 379.748 | P5: 13519.029 | Q5: 118701.03 | R5: 105182 | S5: 13923.631 | T5: 0.1173 | U5: 118701.03 | V5: 51363.287 | W5: 0.0025 | X5: 20545315 | Y5: 962.659 | Z5: 7183 | AA5: 1734.483 | AB5: 770.28 | AC5: 1237.239 | AD5: 0.054 | AE5: 761.3943 | AF5: 922227 | AG5: 24067.033 | AH5: 20545315 | AI5: 51363.287 | AJ5: 770280 | AK5: 27831.892 | AL5: 4781.7 | AM5: 7183 | AN5: 230.56774 | AO5: 44.389385 | AP5: 3.3012471 | AQ5: 27275.254 | AR5: 367 | AS5: 1700 | AT5: 8758 | AU5: 14888600 | AV5: 1676394.5 | AW5: 24067.033 | AX5: 27831.892 | AY5: -3764.8591 | AZ5: 2290 | BA5: 6394 | BB5: 6491 | BC5: 2079 | BD5: 2001 | BE5: 6394 | BF5: 761.3943 | BG5: 692 | BH5: 692 | BI5: 6491 | BJ5: 2290 | BK5: 1867 | BL5: 761.3943 | BM5: 1675068 | BN5: 2182 | BO5: 13519.029 | BP5: 105182 | BQ5: 118701.03 | BR5: 770.28 | BS5: 1675068 | BT5: 1483290 | BU5: 0.0040165191 | BV5: 2001 | BW5: 692 | BX5: 13519.029 | BY5: 105182 | BZ5: 118701.03 | CA5: 2122.659 | CB5: 12155.457 | CC5: 1870.548 | CD5: 23500 | CE5: 263807 | CF5: 13103582 | CG5: 35.89 | CH5: 648593 | CI5: 130 | CJ5: 1870548 | CK5: 23500 | CL5: 263807 | CM5: 922227 | CN5: -894395.11 | CO5: 1171665 | CP5: 0 | CQ5: 1500 | CR5: 59.76 | CS5: 69.54 | CT5: 502 | CU5: 90.34 | CV5: 2628 | CW5: 24545.48 | CX5: 59.86 | CY5: 59.76 | CZ5: 69.54 | DA5: 502 | DB5: 90.34 | DC5: 2628 | DD5: 24545.48 | DE5: 99.65 | DF5: 620.01 | DG5: 67.11 | DH5: 67.88 | DI5: 105.65 | DJ5: 99.65 | DK5: 620.01 | DL5: 71.047 | DM5: 1654 | DN5: 67.11 | DO5: 67.88 | DP5: 105.65
B6: 2 | C6: 399.448 | D6: 2146.5 | E6: 1125 | F6: 1.9076087 | G6: 78.323 | H6: 2060.5 | I6: 37.19 | J6: 377773 | K6: 128 | L6: 2.8 | M6: 128 | N6: 14886.794 | O6: 399.448 | P6: 14886.794 | Q6: 107577.79 | R6: 92691 | S6: 13052.921 | T6: 0.1218 | U6: 107577.79 | V6: 53207.521 | W6: 0.0025 | X6: 21283008 | Y6: 968.505 | Z6: 7184.5 | AA6: 1745.0165 | AB6: 778.14 | AC6: 1271.861 | AD6: 0.0535 | AE6: 795.59265 | AF6: 942443 | AG6: 24312.615 | AH6: 21283008 | AI6: 53207.521 | AJ6: 778140 | AK6: 28058.167 | AL6: 4936.95 | AM6: 7184.5 | AN6: 231.27529 | AO6: 44.681716 | AP6: 3.3013556 | AQ6: 27553.573 | AR6: 348.5 | AS6: 1750 | AT6: 8777 | AU6: 15360700 | AV6: 1079127.8 | AW6: 24312.615 | AX6: 28058.167 | AY6: -3745.5526 | AZ6: 2303 | BA6: 6442.5 | BB6: 6530.5 | BC6: 2146.5 | BD6: 2001 | BE6: 6442.5 | BF6: 795.59265 | BG6: 654 | BH6: 654 | BI6: 6530.5 | BJ6: 2303 | BK6: 1824 | BL6: 795.59265 | BM6: 1730833 | BN6: 2253 | BO6: 14886.794 | BP6: 92691 | BQ6: 107577.79 | BR6: 778.14 | BS6: 1730833 | BT6: 1579179 | BU6: 0.0055319751 | BV6: 2001 | BW6: 654 | BX6: 14886.794 | BY6: 92691 | BZ6: 107577.79 | CA6: 2248.0335 | CB6: 12356.374 | CC6: 1900.469 | CD6: 24250 | CE6: 264403 | CF6: 12905780 | CG6: 36.48 | CH6: 674508.5 | CI6: 132 | CJ6: 1900469 | CK6: 24250 | CL6: 264403 | CM6: 942443 | CN6: -914384.83 | CO6: 1204452 | CP6: 0 | CQ6: 1600 | CR6: 58.7 | CS6: 69.645 | CT6: 510 | CU6: 90.56 | CV6: 2678.5 | CW6: 24925.05 | CX6: 59.81 | CY6: 58.7 | CZ6: 69.645 | DA6: 510 | DB6: 90.56 | DC6: 2678.5 | DD6: 24925.05 | DE6: 100.65 | DF6: 641.205 | DG6: 66.985 | DH6: 68.04 | DI6: 102.65 | DJ6: 100.65 | DK6: 641.205 | DL6: 78.323 | DM6: 2060.5 | DN6: 66.985 | DO6: 68.04 | DP6: 102.65
A7: 2002 | B7: 1 | C7: 419.148 | D7: 2214 | E7: 1150 | F7: 1.9252174 | G7: 85.599 | H7: 2467 | I7: 38.78 | J7: 379748 | K7: 129 | L7: 2.87 | M7: 127 | N7: 16254.559 | O7: 419.148 | P7: 16254.559 | Q7: 96454.559 | R7: 80200 | S7: 12182.211 | T7: 0.1263 | U7: 96454.559 | V7: 55051.755 | W7: 0.0025 | X7: 22020702 | Y7: 974.351 | Z7: 7186 | AA7: 1755.55 | AB7: 786 | AC7: 1306.483 | AD7: 0.053 | AE7: 829.791 | AF7: 962659 | AG7: 24558.197 | AH7: 22020702 | AI7: 55051.755 | AJ7: 786000 | AK7: 28284.443 | AL7: 5092.2 | AM7: 7186 | AN7: 231.98284 | AO7: 44.974048 | AP7: 3.3014641 | AQ7: 27831.892 | AR7: 330 | AS7: 1800 | AT7: 8796 | AU7: 15832800 | AV7: 481861.03 | AW7: 24558.197 | AX7: 28284.443 | AY7: -3726.2462 | AZ7: 2316 | BA7: 6491 | BB7: 6570 | BC7: 2214 | BD7: 2002 | BE7: 6491 | BF7: 829.791 | BG7: 616 | BH7: 616 | BI7: 6570 | BJ7: 2316 | BK7: 1781 | BL7: 829.791 | BM7: 1786598 | BN7: 2324 | BO7: 16254.559 | BP7: 80200 | BQ7: 96454.559 | BR7: 786 | BS7: 1786598 | BT7: 1675068 | BU7: 0.0070474312 | BV7: 2002 | BW7: 616 | BX7: 16254.559 | BY7: 80200 | BZ7: 96454.559 | CA7: 2373.408 | CB7: 12557.29 | CC7: 1930.39 | CD7: 25000 | CE7: 264999 | CF7: 12707977 | CG7: 37.07 | CH7: 700424 | CI7: 134 | CJ7: 1930390 | CK7: 25000 | CL7: 264999 | CM7: 962659 | CN7: -934374.56 | CO7: 1237239 | CP7: 0 | CQ7: 1700 | CR7: 57.64 | CS7: 69.75 | CT7: 518 | CU7: 90.78 | CV7: 2729 | CW7: 25304.62 | CX7: 59.76 | CY7: 57.64 | CZ7: 69.75 | DA7: 518 | DB7: 90.78 | DC7: 2729 | DD7: 25304.62 | DE7: 101.65 | DF7: 662.4 | DG7: 66.86 | DH7: 68.2 | DI7: 99.65 | DJ7: 101.65 | DK7: 662.4 | DL7: 85.599 | DM7: 2467 | DN7: 66.86 | DO7: 68.2 | DP7: 99.65
B8: 2 | C8: 428.7935 | D8: 2366.5 | E8: 1175 | F8: 2.012192 | G8: 90.3545 | H8: 2243 | I8: 40.285 | J8: 399448 | K8: 127.5 | L8: 2.805 | M8: 128 | N8: 17288.463 | O8: 428.7935 | P8: 17288.463 | Q8: 91701.463 | R8: 74413 | S8: 11312.355 | T8: 0.1232 | U8: 91701.463 | V8: 59320.474 | W8: 0.0026 | X8: 22786128 | Y8: 977.785 | Z8: 7238.5 | AA8: 1821.619 | AB8: 795.252 | AC8: 1343.0425 | AD8: 0.054 | AE8: 813.44735 | AF8: 968505 | AG8: 24860.142 | AH8: 22786128 | AI8: 59320.474 | AJ8: 795252 | AK8: 28441.738 | AL8: 5442.95 | AM8: 7238.5 | AN8: 232.69473 | AO8: 45.270229 | AP8: 3.3015725 | AQ8: 28058.167 | AR8: 340 | AS8: 1900 | AT8: 8814 | AU8: 16748400 | AV8: 524523.23 | AW8: 24860.142 | AX8: 28441.738 | AY8: -3581.5961 | AZ8: 2506 | BA8: 6530.5 | BB8: 6603.5 | BC8: 2366.5 | BD8: 2002 | BE8: 6530.5 | BF8: 813.44735 | BG8: 635 | BH8: 635 | BI8: 6603.5 | BJ8: 2506 | BK8: 2011 | BL8: 813.44735 | BM8: 1855002 | BN8: 2484 | BO8: 17288.463 | BP8: 74413 | BQ8: 91701.463 | BR8: 795.252 | BS8: 1855002 | BT8: 1730833 | BU8: 0.0064639822 | BV8: 2002 | BW8: 635 | BX8: 17288.463 | BY8: 74413 | BZ8: 91701.463 | CA8: 2481.47 | CB8: 12731.518 | CC8: 1970.6065 | CD8: 26500 | CE8: 266068 | CF8: 12806861 | CG8: 39.575 | CH8: 741074 | CI8: 135.5 | CJ8: 1970606.5 | CK8: 26500 | CL8: 266068 | CM8: 968505 | CN8: -940063.26 | CO8: 1271861 | CP8: 0 | CQ8: 1750 | CR8: 58.695 | CS8: 69.695 | CT8: 511 | CU8: 90.715 | CV8: 2774 | CW8: 25790.745 | CX8: 58.7 | CY8: 58.695 | CZ8: 69.695 | DA8: 511 | DB8: 90.715 | DC8: 2774 | DD8: 25790.745 | DE8: 101.095 | DF8: 685.05 | DG8: 66.99 | DH8: 68.36 | DI8: 100.65 | DJ8: 101.095 | DK8: 685.05 | DL8: 90.3545 | DM8: 2243 | DN8: 66.99 | DO8: 68.36 | DP8: 100.65
A9: 2003 | B9: 1 | C9: 438.439 | D9: 2519 | E9: 1200 | F9: 2.0991667 | G9: 95.11 | H9: 2019 | I9: 41.79 | J9: 419148 | K9: 126 | L9: 2.74 | M9: 129 | N9: 18322.366 | O9: 438.439 | P9: 18322.366 | Q9: 86948.366 | R9: 68626 | S9: 10442.499 | T9: 0.1201 | U9: 86948.366 | V9: 63589.193 | W9: 0.0027 | X9: 23551553 | Y9: 981.219 | Z9: 7291 | AA9: 1887.688 | AB9: 804.504 | AC9: 1379.602 | AD9: 0.055 | AE9: 797.1037 | AF9: 974351 | AG9: 25162.087 | AH9: 23551553 | AI9: 63589.193 | AJ9: 804504 | AK9: 28599.033 | AL9: 5793.7 | AM9: 7291 | AN9: 233.40662 | AO9: 45.566411 | AP9: 3.3016809 | AQ9: 28284.443 | AR9: 350 | AS9: 2000 | AT9: 8832 | AU9: 17664000 | AV9: 567185.44 | AW9: 25162.087 | AX9: 28599.033 | AY9: -3436.9461 | AZ9: 2696 | BA9: 6570 | BB9: 6637 | BC9: 2519 | BD9: 2003 | BE9: 6570 | BF9: 797.1037 | BG9: 654 | BH9: 654 | BI9: 6637 | BJ9: 2696 | BK9: 2241 | BL9: 797.1037 | BM9: 1923406 | BN9: 2644 | BO9: 18322.366 | BP9: 68626 | BQ9: 86948.366 | BR9: 804.504 | BS9: 1923406 | BT9: 1786598 | BU9: 0.0058805333 | BV9: 2003 | BW9: 654 | BX9: 18322.366 | BY9: 68626 | BZ9: 86948.366 | CA9: 2589.532 | CB9: 12905.745 | CC9: 2010.823 | CD9: 28000 | CE9: 267137 | CF9: 12905745 | CG9: 42.08 | CH9: 781724 | CI9: 137 | CJ9: 2010823 | CK9: 28000 | CL9: 267137 | CM9: 974351 | CN9: -945751.97 | CO9: 1306483 | CP9: 0 | CQ9: 1800 | CR9: 59.75 | CS9: 69.64 | CT9: 504 | CU9: 90.65 | CV9: 2819 | CW9: 26276.87 | CX9: 57.64 | CY9: 59.75 | CZ9: 69.64 | DA9: 504 | DB9: 90.65 | DC9: 2819 | DD9: 26276.87 | DE9: 100.54 | DF9: 707.7 | DG9: 67.12 | DH9: 68.52 | DI9: 101.65 | DJ9: 100.54 | DK9: 707.7 | DL9: 95.11 | DM9: 2019 | DN9: 67.12 | DO9: 68.52 | DP9: 101.65
B10: 2 | C10: 455.9575 | D10: 2630 | E10: 1225 | F10: 2.1459833 | G10: 101.5945 | H10: 1941.5 | I10: 44.64 | J10: 428793.5 | K10: 123 | L10: 2.805 | M10: 127.5 | N10: 20403.871 | O10: 455.9575 | P10: 20403.871 | Q10: 108111.87 | R10: 87708 | S10: 13132.902 | T10: 0.12125 | U10: 108111.87 | V10: 66722.747 | W10: 0.00275 | X10: 24250116 | Y10: 986.175 | Z10: 7294 | AA10: 1981.035 | AB10: 844.287 | AC10: 1418.2075 | AD10: 0.054 | AE10: 807.55145 | AF10: 977785 | AG10: 25314.893 | AH10: 24250116 | AI10: 66722.747 | AJ10: 844287 | AK10: 28802.069 | AL10: 6049 | AM10: 7294 | AN10: 234.12288 | AO10: 45.866494 | AP10: 3.3017893 | AQ10: 28441.738 | AR10: 340.5 | AS10: 2150 | AT10: 8849.5 | AU10: 19029050 | AV10: 445995.49 | AW10: 25314.893 | AX10: 28802.069 | AY10: -3487.1754 | AZ10: 2974 | BA10: 6603.5 | BB10: 6660 | BC10: 2630 | BD10: 2003 | BE10: 6603.5 | BF10: 807.55145 | BG10: 634 | BH10: 634 | BI10: 6660 | BJ10: 2974 | BK10: 2235 | BL10: 807.55145 | BM10: 1951855.5 | BN10: 2761 | BO10: 20403.871 | BP10: 87708 | BQ10: 108111.87 | BR10: 844.287 | BS10: 1951855.5 | BT10: 1855002 | BU10: 0.010709032 | BV10: 2003 | BW10: 634 | BX10: 20403.871 | BY10: 87708 | BZ10: 108111.87 | CA10: 2722.827 | CB10: 13084.807 | CC10: 2048.3695 | CD10: 28500 | CE10: 267404.5 | CF10: 13880639 | CG10: 44.93 | CH10: 822277 | CI10: 130.5 | CJ10: 2048369.5 | CK10: 28500 | CL10: 267404.5 | CM10: 977785 | CN10: -948982.93 | CO10: 1343042.5 | CP10: 0 | CQ10: 1900 | CR10: 59.25 | CS10: 69.81 | CT10: 515.5 | CU10: 90.67 | CV10: 2858 | CW10: 26572.415 | CX10: 58.695 | CY10: 59.25 | CZ10: 69.81 | DA10: 515.5 | DB10: 90.67 | DC10: 2858 | DD10: 26572.415 | DE10: 99.55 | DF10: 731.895 | DG10: 66.995 | DH10: 68.68 | DI10: 101.095 | DJ10: 99.55 | DK10: 731.895 | DL10: 101.5945 | DM10: 1941.5 | DN10: 66.995 | DO10: 68.68 | DP10: 101.095
A11: 2004 | B11: 1 | C11: 473.476 | D11: 2741 | E11: 1250 | F11: 2.1928 | G11: 108.079 | H11: 1864 | I11: 47.49 | J11: 438439 | K11: 120 | L11: 2.87 | M11: 126 | N11: 22485.375 | O11: 473.476 | P11: 22485.375 | Q11: 129275.38 | R11: 106790 | S11: 15823.306 | T11: 0.1224 | U11: 129275.38 | V11: 69856.301 | W11: 0.0028 | X11: 24948679 | Y11: 991.131 | Z11: 7297 | AA11: 2074.382 | AB11: 884.07 | AC11: 1456.813 | AD11: 0.053 | AE11: 817.9992 | AF11: 981219 | AG11: 25467.699 | AH11: 24948679 | AI11: 69856.301 | AJ11: 884070 | AK11: 29005.104 | AL11: 6304.3 | AM11: 7297 | AN11: 234.83913 | AO11: 46.166576 | AP11: 3.3018977 | AQ11: 28599.033 | AR11: 331 | AS11: 2300 | AT11: 8867 | AU11: 20394100 | AV11: 324805.54 | AW11: 25467.699 | AX11: 29005.104 | AY11: -3537.4047 | AZ11: 3252 | BA11: 6637 | BB11: 6683 | BC11: 2741 | BD11: 2004 | BE11: 6637 | BF11: 817.9992 | BG11: 614 | BH11: 614 | BI11: 6683 | BJ11: 3252 | BK11: 2229 | BL11: 817.9992 | BM11: 1980305 | BN11: 2878 | BO11: 22485.375 | BP11: 106790 | BQ11: 129275.38 | BR11: 884.07 | BS11: 1980305 | BT11: 1923406 | BU11: 0.015537531 | BV11: 2004 | BW11: 614 | BX11: 22485.375 | BY11: 106790 | BZ11: 129275.38 | CA11: 2856.122 | CB11: 13263.869 | CC11: 2085.916 | CD11: 29000 | CE11: 267672 | CF11: 14855533 | CG11: 47.78 | CH11: 862830 | CI11: 124 | CJ11: 2085916 | CK11: 29000 | CL11: 267672 | CM11: 981219 | CN11: -952213.9 | CO11: 1379602 | CP11: 0 | CQ11: 2000 | CR11: 58.75 | CS11: 69.98 | CT11: 527 | CU11: 90.69 | CV11: 2897 | CW11: 26867.96 | CX11: 59.75 | CY11: 58.75 | CZ11: 69.98 | DA11: 527 | DB11: 90.69 | DC11: 2897 | DD11: 26867.96 | DE11: 98.56 | DF11: 756.09 | DG11: 66.87 | DH11: 68.84 | DI11: 100.54 | DJ11: 98.56 | DK11: 756.09 | DL11: 108.079 | DM11: 1864 | DN11: 66.87 | DO11: 68.84 | DP11: 100.54
B12: 2 | C12: 486.99 | D12: 2770.5 | E12: 1275 | F12: 2.1733231 | G12: 112.7785 | H12: 2124 | I12: 48.535 | J12: 455957.5 | K12: 123.5 | L12: 2.905 | M12: 123 | N12: 23650.182 | O12: 486.99 | P12: 23650.182 | Q12: 122070.18 | R12: 98420 | S12: 14332.606 | T12: 0.1171 | U12: 122070.18 | V12: 73331.106 | W12: 0.00285 | X12: 25716738 | Y12: 995.1275 | Z12: 7301.5 | AA12: 2229.3645 | AB12: 890.8015 | AC12: 1497.579 | AD12: 0.055 | AE12: 787.5544 | AF12: 986175 | AG12: 25648.504 | AH12: 25716738 | AI12: 73331.106 | AJ12: 890801.5 | AK12: 29151.594 | AL12: 6372.15 | AM12: 7301.5 | AN12: 235.55979 | AO12: 46.470612 | AP12: 3.302006 | AQ12: 28802.069 | AR12: 311.5 | AS12: 2400 | AT12: 8884.5 | AU12: 21324550 | AV12: 861561.82 | AW12: 25648.504 | AX12: 29151.594 | AY12: -3503.09 | AZ12: 3191 | BA12: 6660 | BB12: 6727.5 | BC12: 2770.5 | BD12: 2004 | BE12: 6660 | BF12: 787.5544 | BG12: 574 | BH12: 574 | BI12: 6727.5 | BJ12: 3191 | BK12: 2354.5 | BL12: 787.5544 | BM12: 1991053 | BN12: 2909 | BO12: 23650.182 | BP12: 98420 | BQ12: 122070.18 | BR12: 890.8015 | BS12: 1991053 | BT12: 1951855.5 | BU12: 0.02864551 | BV12: 2004 | BW12: 574 | BX12: 23650.182 | BY12: 98420 | BZ12: 122070.18 | CA12: 2872.861 | CB12: 13426.95 | CC12: 2124.8645 | CD12: 30750 | CE12: 268887.5 | CF12: 13353020 | CG12: 49.325 | CH12: 878014.5 | CI12: 130.5 | CJ12: 2124864.5 | CK12: 30750 | CL12: 268887.5 | CM12: 986175 | CN12: -957023.41 | CO12: 1418207.5 | CP12: 0 | CQ12: 2150 | CR12: 59.49 | CS12: 69.81 | CT12: 537.5 | CU12: 90.85 | CV12: 2960.5 | CW12: 27198.305 | CX12: 59.25 | CY12: 59.49 | CZ12: 69.81 | DA12: 537.5 | DB12: 90.85 | DC12: 2960.5 | DD12: 27198.305 | DE12: 98.14 | DF12: 781.94 | DG12: 67 | DH12: 69 | DI12: 99.55 | DJ12: 98.14 | DK12: 781.94 | DL12: 112.7785 | DM12: 2124 | DN12: 67 | DO12: 69 | DP12: 99.55
A13: 2005 | B13: 1 | C13: 500.504 | D13: 2800 | E13: 1300 | F13: 2.1538462 | G13: 117.478 | H13: 2384 | I13: 49.58 | J13: 473476 | K13: 127 | L13: 2.94 | M13: 120 | N13: 24814.988 | O13: 500.504 | P13: 24814.988 | Q13: 114864.99 | R13: 90050 | S13: 12841.906 | T13: 0.1118 | U13: 114864.99 | V13: 76805.911 | W13: 0.0029 | X13: 26484797 | Y13: 999.124 | Z13: 7306 | AA13: 2384.347 | AB13: 897.533 | AC13: 1538.345 | AD13: 0.057 | AE13: 757.1096 | AF13: 991131 | AG13: 25829.31 | AH13: 26484797 | AI13: 76805.911 | AJ13: 897533 | AK13: 29298.085 | AL13: 6440 | AM13: 7306 | AN13: 236.28045 | AO13: 46.774647 | AP13: 3.3021144 | AQ13: 29005.104 | AR13: 292 | AS13: 2500 | AT13: 8902 | AU13: 22255000 | AV13: 1398318.1 | AW13: 25829.31 | AX13: 29298.085 | AY13: -3468.7754 | AZ13: 3130 | BA13: 6683 | BB13: 6772 | BC13: 2800 | BD13: 2005 | BE13: 6683 | BF13: 757.1096 | BG13: 534 | BH13: 534 | BI13: 6772 | BJ13: 3130 | BK13: 2480 | BL13: 757.1096 | BM13: 2001801 | BN13: 2940 | BO13: 24814.988 | BP13: 90050 | BQ13: 114864.99 | BR13: 897.533 | BS13: 2001801 | BT13: 1980305 | BU13: 0.041753489 | BV13: 2005 | BW13: 534 | BX13: 24814.988 | BY13: 90050 | BZ13: 114864.99 | CA13: 2889.6 | CB13: 13590.03 | CC13: 2163.813 | CD13: 32500 | CE13: 270103 | CF13: 11850506 | CG13: 50.87 | CH13: 893199 | CI13: 137 | CJ13: 2163813 | CK13: 32500 | CL13: 270103 | CM13: 991131 | CN13: -961832.92 | CO13: 1456813 | CP13: 0 | CQ13: 2300 | CR13: 60.23 | CS13: 69.64 | CT13: 548 | CU13: 91.01 | CV13: 3024 | CW13: 27528.65 | CX13: 58.75 | CY13: 60.23 | CZ13: 69.64 | DA13: 548 | DB13: 91.01 | DC13: 3024 | DD13: 27528.65 | DE13: 97.72 | DF13: 807.79 | DG13: 67.13 | DH13: 69.16 | DI13: 98.56 | DJ13: 97.72 | DK13: 807.79 | DL13: 117.478 | DM13: 2384 | DN13: 67.13 | DO13: 69.16 | DP13: 98.56
B14: 2 | C14: 511.4755 | D14: 2830 | E14: 1325 | F14: 2.1361823 | G14: 127.844 | H14: 2232 | I14: 49.265 | J14: 486990 | K14: 126.5 | L14: 3.005 | M14: 123.5 | N14: 25194.384 | O14: 511.4755 | P14: 25194.384 | Q14: 121972.38 | R14: 96778 | S14: 13597.789 | T14: 0.1115 | U14: 121972.38 | V14: 80531.477 | W14: 0.00295 | X14: 27285239 | Y14: 1001.634 | Z14: 7360.5 | AA14: 2408.6775 | AB14: 911.4125 | AC14: 1581.3925 | AD14: 0.0565 | AE14: 760.6936 | AF14: 995127.5 | AG14: 25956.651 | AH14: 27285239 | AI14: 80531.477 | AJ14: 911412.5 | AK14: 29536.281 | AL14: 6509 | AM14: 7360.5 | AN14: 237.00552 | AO14: 47.082686 | AP14: 3.3022227 | AQ14: 29151.594 | AR14: 294.5 | AS14: 2700 | AT14: 8919 | AU14: 24084700 | AV14: 802072.87 | AW14: 25956.651 | AX14: 29536.281 | AY14: -3579.6295 | AZ14: 3209.5 | BA14: 6727.5 | BB14: 6822.5 | BC14: 2830 | BD14: 2005 | BE14: 6727.5 | BF14: 760.6936 | BG14: 538 | BH14: 538 | BI14: 6822.5 | BJ14: 3209.5 | BK14: 2405.5 | BL14: 760.6936 | BM14: 2091648.5 | BN14: 2971.5 | BO14: 25194.384 | BP14: 96778 | BQ14: 121972.38 | BR14: 911.4125 | BS14: 2091648.5 | BT14: 1991053 | BU14: 0.023451363 | BV14: 2005 | BW14: 538 | BX14: 25194.384 | BY14: 96778 | BZ14: 121972.38 | CA14: 2916.27 | CB14: 13792.971 | CC14: 2207.7195 | CD14: 33000 | CE14: 272020.5 | CF14: 12167430 | CG14: 50.555 | CH14: 954099 | CI14: 133 | CJ14: 2207719.5 | CK14: 33000 | CL14: 272020.5 | CM14: 995127.5 | CN14: -965591.22 | CO14: 1497579 | CP14: 0 | CQ14: 2400 | CR14: 61.49 | CS14: 69.82 | CT14: 528.5 | CU14: 91.22 | CV14: 3085.5 | CW14: 28072.355 | CX14: 59.49 | CY14: 61.49 | CZ14: 69.82 | DA14: 528.5 | DB14: 91.22 | DC14: 3085.5 | DD14: 28072.355 | DE14: 100.35 | DF14: 783.495 | DG14: 67.005 | DH14: 69.32 | DI14: 98.14 | DJ14: 100.35 | DK14: 783.495 | DL14: 127.844 | DM14: 2232 | DN14: 67.005 | DO14: 69.32 | DP14: 98.14
A15: 2006 | B15: 1 | C15: 522.447 | D15: 2860 | E15: 1350 | F15: 2.1185185 | G15: 138.21 | H15: 2080 | I15: 48.95 | J15: 500504 | K15: 126 | L15: 3.07 | M15: 127 | N15: 25573.781 | O15: 522.447 | P15: 25573.781 | Q15: 129079.78 | R15: 103506 | S15: 14353.672 | T15: 0.1112 | U15: 129079.78 | V15: 84257.043 | W15: 0.003 | X15: 28085681 | Y15: 1004.144 | Z15: 7415 | AA15: 2433.008 | AB15: 925.292 | AC15: 1624.44 | AD15: 0.056 | AE15: 764.2776 | AF15: 999124 | AG15: 26083.993 | AH15: 28085681 | AI15: 84257.043 | AJ15: 925292 | AK15: 29774.477 | AL15: 6578 | AM15: 7415 | AN15: 237.7306 | AO15: 47.390726 | AP15: 3.3023309 | AQ15: 29298.085 | AR15: 297 | AS15: 2900 | AT15: 8936 | AU15: 25914400 | AV15: 205827.64 | AW15: 26083.993 | AX15: 29774.477 | AY15: -3690.4837 | AZ15: 3289 | BA15: 6772 | BB15: 6873 | BC15: 2860 | BD15: 2006 | BE15: 6772 | BF15: 764.2776 | BG15: 542 | BH15: 542 | BI15: 6873 | BJ15: 3289 | BK15: 2331 | BL15: 764.2776 | BM15: 2181496 | BN15: 3003 | BO15: 25573.781 | BP15: 103506 | BQ15: 129079.78 | BR15: 925.292 | BS15: 2181496 | BT15: 2001801 | BU15: 0.0051492362 | BV15: 2006 | BW15: 542 | BX15: 25573.781 | BY15: 103506 | BZ15: 129079.78 | CA15: 2942.94 | CB15: 13995.912 | CC15: 2251.626 | CD15: 33500 | CE15: 273938 | CF15: 12484353 | CG15: 50.24 | CH15: 1014999 | CI15: 129 | CJ15: 2251626 | CK15: 33500 | CL15: 273938 | CM15: 999124 | CN15: -969349.52 | CO15: 1538345 | CP15: 0 | CQ15: 2500 | CR15: 62.75 | CS15: 70 | CT15: 509 | CU15: 91.43 | CV15: 3147 | CW15: 28616.06 | CX15: 60.23 | CY15: 62.75 | CZ15: 70 | DA15: 509 | DB15: 91.43 | DC15: 3147 | DD15: 28616.06 | DE15: 102.98 | DF15: 759.2 | DG15: 66.88 | DH15: 69.48 | DI15: 97.72 | DJ15: 102.98 | DK15: 759.2 | DL15: 138.21 | DM15: 2080 | DN15: 66.88 | DO15: 69.48 | DP15: 97.72
B16: 2 | C16: 546.714 | D16: 2993 | E16: 1375 | F16: 2.1756878 | G16: 156.5795 | H16: 1947.5 | I16: 49.235 | J16: 511475.5 | K16: 123 | L16: 3.16 | M16: 126.5 | N16: 26924.38 | O16: 546.714 | P16: 26924.38 | Q16: 140287.88 | R16: 113363.5 | S16: 15751.508 | T16: 0.1122 | U16: 140287.88 | V16: 86803.518 | W16: 0.003 | X16: 28934506 | Y16: 1007.6835 | Z16: 7471 | AA16: 2457.8345 | AB16: 940.586 | AC16: 1669.897 | AD16: 0.055 | AE16: 779.8104 | AF16: 1001634 | AG16: 26668.722 | AH16: 28934506 | AI16: 86803.518 | AJ16: 940586 | AK16: 30016.546 | AL16: 6883.9 | AM16: 7471 | AN16: 238.46013 | AO16: 47.702823 | AP16: 3.3024392 | AQ16: 29536.281 | AR16: 287.25 | AS16: 2950 | AT16: 8945.5 | AU16: 26389700 | AV16: 842022.13 | AW16: 26668.722 | AX16: 30016.546 | AY16: -3347.8245 | AZ16: 3441.5 | BA16: 6822.5 | BB16: 6949.5 | BC16: 2993 | BD16: 2006 | BE16: 6822.5 | BF16: 779.8104 | BG16: 521.5 | BH16: 521.5 | BI16: 6949.5 | BJ16: 3441.5 | BK16: 2344 | BL16: 779.8104 | BM16: 2223487.5 | BN16: 3142.5 | BO16: 26924.38 | BP16: 113363.5 | BQ16: 140287.88 | BR16: 940.586 | BS16: 2223487.5 | BT16: 2091648.5 | BU16: 0.0082655317 | BV16: 2006 | BW16: 521.5 | BX16: 26924.38 | BY16: 113363.5 | BZ16: 140287.88 | CA16: 3076.671 | CB16: 14167.993 | CC16: 2302.2115 | CD16: 34250 | CE16: 276306.5 | CF16: 14200917 | CG16: 54.525 | CH16: 1028546.5 | CI16: 128.5 | CJ16: 2302211.5 | CK16: 34250 | CL16: 276306.5 | CM16: 1001634 | CN16: -971617.45 | CO16: 1581392.5 | CP16: 0 | CQ16: 2700 | CR16: 62.2 | CS16: 70.115 | CT16: 502 | CU16: 91.54 | CV16: 3196 | CW16: 29119.655 | CX16: 61.49 | CY16: 62.2 | CZ16: 70.115 | DA16: 502 | DB16: 91.54 | DC16: 3196 | DD16: 29119.655 | DE16: 100.815 | DF16: 780.865 | DG16: 67.01 | DH16: 69.64 | DI16: 100.35 | DJ16: 100.815 | DK16: 780.865 | DL16: 156.5795 | DM16: 1947.5 | DN16: 67.01 | DO16: 69.64 | DP16: 100.35
A17: 2007 | B17: 1 | C17: 570.981 | D17: 3126 | E17: 1400 | F17: 2.2328571 | G17: 174.949 | H17: 1815 | I17: 49.52 | J17: 522447 | K17: 120 | L17: 3.25 | M17: 126 | N17: 28274.979 | O17: 570.981 | P17: 28274.979 | Q17: 151495.98 | R17: 123221 | S17: 17149.345 | T17: 0.1132 | U17: 151495.98 | V17: 89349.993 | W17: 0.003 | X17: 29783331 | Y17: 1011.223 | Z17: 7527 | AA17: 2482.661 | AB17: 955.88 | AC17: 1715.354 | AD17: 0.054 | AE17: 795.3432 | AF17: 1004144 | AG17: 27253.45 | AH17: 29783331 | AI17: 89349.993 | AJ17: 955880 | AK17: 30258.615 | AL17: 7189.8 | AM17: 7527 | AN17: 239.18966 | AO17: 48.01492 | AP17: 3.3025474 | AQ17: 29774.477 | AR17: 277.5 | AS17: 3000 | AT17: 8955 | AU17: 26865000 | AV17: 1478216.6 | AW17: 27253.45 | AX17: 30258.615 | AY17: -3005.1653 | AZ17: 3594 | BA17: 6873 | BB17: 7026 | BC17: 3126 | BD17: 2007 | BE17: 6873 | BF17: 795.3432 | BG17: 501 | BH17: 501 | BI17: 7026 | BJ17: 3594 | BK17: 2357 | BL17: 795.3432 | BM17: 2265479 | BN17: 3282 | BO17: 28274.979 | BP17: 123221 | BQ17: 151495.98 | BR17: 955.88 | BS17: 2265479 | BT17: 2181496 | BU17: 0.011381827 | BV17: 2007 | BW17: 501 | BX17: 28274.979 | BY17: 123221 | BZ17: 151495.98 | CA17: 3210.402 | CB17: 14340.073 | CC17: 2352.797 | CD17: 35000 | CE17: 278675 | CF17: 15917481 | CG17: 58.81 | CH17: 1042094 | CI17: 128 | CJ17: 2352797 | CK17: 35000 | CL17: 278675 | CM17: 1004144 | CN17: -973885.39 | CO17: 1624440 | CP17: 0 | CQ17: 2900 | CR17: 61.65 | CS17: 70.23 | CT17: 495 | CU17: 91.65 | CV17: 3245 | CW17: 29623.25 | CX17: 62.75 | CY17: 61.65 | CZ17: 70.23 | DA17: 495 | DB17: 91.65 | DC17: 3245 | DD17: 29623.25 | DE17: 98.65 | DF17: 802.53 | DG17: 67.14 | DH17: 69.8 | DI17: 102.98 | DJ17: 98.65 | DK17: 802.53 | DL17: 174.949 | DM17: 1815 | DN17: 67.14 | DO17: 69.8 | DP17: 102.98
B18: 2 | C18: 593.463 | D18: 3194.5 | E18: 1425 | F18: 2.241601 | G18: 186.8775 | H18: 2134 | I18: 50.14 | J18: 546714 | K18: 123.5 | L18: 3.285 | M18: 123 | N18: 29770.174 | O18: 593.463 | P18: 29770.174 | Q18: 162197.17 | R18: 132427 | S18: 18265.626 | T18: 0.11265 | U18: 162197.17 | V18: 91800.52 | W18: 0.003 | X18: 30600174 | Y18: 1011.729 | Z18: 7533.5 | AA18: 2651.9335 | AB18: 968.6385 | AC18: 1763.355 | AD18: 0.0565 | AE18: 807.8455 | AF18: 1007683.5 | AG18: 28311.903 | AH18: 30600174 | AI18: 91800.52 | AJ18: 968638.5 | AK18: 30442.372 | AL18: 7347.35 | AM18: 7533.5 | AN18: 239.92367 | AO18: 48.331128 | AP18: 3.3026555 | AQ18: 30016.546 | AR18: 208.25 | AS18: 3250 | AT18: 8968 | AU18: 29149250 | AV18: 1986548.5 | AW18: 28311.903 | AX18: 30442.372 | AY18: -2130.4687 | AZ18: 3673 | BA18: 6949.5 | BB18: 7172 | BC18: 3194.5 | BD18: 2007 | BE18: 6949.5 | BF18: 807.8455 | BG18: 361.5 | BH18: 361.5 | BI18: 7172 | BJ18: 3673 | BK18: 2515 | BL18: 807.8455 | BM18: 2319315.5 | BN18: 3354 | BO18: 29770.174 | BP18: 132427 | BQ18: 162197.17 | BR18: 968.6385 | BS18: 2319315.5 | BT18: 2223487.5 | BU18: 0.010248217 | BV18: 2007 | BW18: 361.5 | BX18: 29770.174 | BY18: 132427 | BZ18: 162197.17 | CA18: 3266.068 | CB18: 14486.4 | CC18: 2396.7285 | CD18: 37000 | CE18: 279657.5 | CF18: 15428748 | CG18: 54.93 | CH18: 1077721 | CI18: 129 | CJ18: 2396728.5 | CK18: 37000 | CL18: 279657.5 | CM18: 1007683.5 | CN18: -977241.13 | CO18: 1669897 | CP18: 0 | CQ18: 2950 | CR18: 61.315 | CS18: 70.385 | CT18: 497.5 | CU18: 91.7975 | CV18: 3295 | CW18: 30176.38 | CX18: 62.2 | CY18: 61.315 | CZ18: 70.385 | DA18: 497.5 | DB18: 91.7975 | DC18: 3295 | DD18: 30176.38 | DE18: 100.885 | DF18: 785.62 | DG18: 67.015 | DH18: 69.96 | DI18: 100.815 | DJ18: 100.885 | DK18: 785.62 | DL18: 186.8775 | DM18: 2134 | DN18: 67.015 | DO18: 69.96 | DP18: 100.815
A19: 2008 | B19: 1 | C19: 615.945 | D19: 3263 | E19: 1450 | F19: 2.2503448 | G19: 198.806 | H19: 2453 | I19: 50.76 | J19: 570981 | K19: 127 | L19: 3.32 | M19: 120 | N19: 31265.368 | O19: 615.945 | P19: 31265.368 | Q19: 172898.37 | R19: 141633 | S19: 19381.907 | T19: 0.1121 | U19: 172898.37 | V19: 94251.048 | W19: 0.003 | X19: 31417016 | Y19: 1012.235 | Z19: 7540 | AA19: 2821.206 | AB19: 981.397 | AC19: 1811.356 | AD19: 0.059 | AE19: 820.3478 | AF19: 1011223 | AG19: 29370.356 | AH19: 31417016 | AI19: 94251.048 | AJ19: 981397 | AK19: 30626.128 | AL19: 7504.9 | AM19: 7540 | AN19: 240.65767 | AO19: 48.647336 | AP19: 3.3027637 | AQ19: 30258.615 | AR19: 139 | AS19: 3500 | AT19: 8981 | AU19: 31433500 | AV19: 2494880.4 | AW19: 29370.356 | AX19: 30626.128 | AY19: -1255.7722 | AZ19: 3752 | BA19: 7026 | BB19: 7318 | BC19: 3263 | BD19: 2008 | BE19: 7026 | BF19: 820.3478 | BG19: 222 | BH19: 222 | BI19: 7318 | BJ19: 3752 | BK19: 2673 | BL19: 820.3478 | BM19: 2373152 | BN19: 3426 | BO19: 31265.368 | BP19: 141633 | BQ19: 172898.37 | BR19: 981.397 | BS19: 2373152 | BT19: 2265479 | BU19: 0.0091146063 | BV19: 2008 | BW19: 222 | BX19: 31265.368 | BY19: 141633 | BZ19: 172898.37 | CA19: 3321.734 | CB19: 14632.728 | CC19: 2440.66 | CD19: 39000 | CE19: 280640 | CF19: 14940015 | CG19: 51.05 | CH19: 1113348 | CI19: 130 | CJ19: 2440660 | CK19: 39000 | CL19: 280640 | CM19: 1011223 | CN19: -980596.87 | CO19: 1715354 | CP19: 0 | CQ19: 3000 | CR19: 60.98 | CS19: 70.54 | CT19: 500 | CU19: 91.945 | CV19: 3345 | CW19: 30729.51 | CX19: 61.65 | CY19: 60.98 | CZ19: 70.54 | DA19: 500 | DB19: 91.945 | DC19: 3345 | DD19: 30729.51 | DE19: 103.12 | DF19: 768.71 | DG19: 66.89 | DH19: 70.12 | DI19: 98.65 | DJ19: 103.12 | DK19: 768.71 | DL19: 198.806 | DM19: 2453 | DN19: 66.89 | DO19: 70.12 | DP19: 98.65
B20: 2 | C20: 638.061 | D20: 3380.5 | E20: 1475 | F20: 2.2911724 | G20: 206.288 | H20: 2383.5 | I20: 51.47 | J20: 593463 | K20: 129.5 | L20: 3.57 | M20: 123.5 | N20: 32856.702 | O20: 638.061 | P20: 32856.702 | Q20: 176680.2 | R20: 143823.5 | S20: 19841.943 | T20: 0.1123 | U20: 176680.2 | V20: 98547.25 | W20: 0.00305 | X20: 32296162 | Y20: 1013.2495 | Z20: 7597.5 | AA20: 2943.867 | AB20: 1006.138 | AC20: 1862.0435 | AD20: 0.058 | AE20: 823.66765 | AF20: 1011729 | AG20: 29638.867 | AH20: 32296162 | AI20: 98547.25 | AJ20: 1006138 | AK20: 30890.952 | AL20: 7775.15 | AM20: 7597.5 | AN20: 241.39618 | AO20: 48.967708 | AP20: 3.3028718 | AQ20: 30442.372 | AR20: 160 | AS20: 3650 | AT20: 8995.5 | AU20: 32835750 | AV20: 1559300.2 | AW20: 29638.867 | AX20: 30890.952 | AY20: -1252.0847 | AZ20: 3887 | BA20: 7172 | BB20: 7334.5 | BC20: 3380.5 | BD20: 2008 | BE20: 7172 | BF20: 823.66765 | BG20: 263 | BH20: 263 | BI20: 7334.5 | BJ20: 3887 | BK20: 2773 | BL20: 823.66765 | BM20: 2527491.5 | BN20: 3549 | BO20: 32856.702 | BP20: 143823.5 | BQ20: 176680.2 | BR20: 1006.138 | BS20: 2527491.5 | BT20: 2319315.5 | BU20: 0.0062271268 | BV20: 2008 | BW20: 263 | BX20: 32856.702 | BY20: 143823.5 | BZ20: 176680.2 | CA20: 3460.588 | CB20: 14851.239 | CC20: 2490.1845 | CD20: 39500 | CE20: 282057.5 | CF20: 15245999 | CG20: 51.76 | CH20: 1130564.5 | CI20: 134 | CJ20: 2490184.5 | CK20: 39500 | CL20: 282057.5 | CM20: 1011729 | CN20: -980838.05 | CO20: 1763355 | CP20: 0 | CQ20: 3250 | CR20: 61.915 | CS20: 70.66 | CT20: 478.5 | CU20: 91.9075 | CV20: 3396.5 | CW20: 31253.85 | CX20: 61.315 | CY20: 61.915 | CZ20: 70.66 | DA20: 478.5 | DB20: 91.9075 | DC20: 3396.5 | DD20: 31253.85 | DE20: 101.587 | DF20: 745.59 | DG20: 67.02 | DH20: 70.28 | DI20: 100.885 | DJ20: 101.587 | DK20: 745.59 | DL20: 206.288 | DM20: 2383.5 | DN20: 67.02 | DO20: 70.28 | DP20: 100.885
A21: 2009 | B21: 1 | C21: 660.177 | D21: 3498 | E21: 1500 | F21: 2.332 | G21: 213.77 | H21: 2314 | I21: 52.18 | J21: 615945 | K21: 132 | L21: 3.82 | M21: 127 | N21: 34448.036 | O21: 660.177 | P21: 34448.036 | Q21: 180462.04 | R21: 146014 | S21: 20301.979 | T21: 0.1125 | U21: 180462.04 | V21: 102843.45 | W21: 0.0031 | X21: 33175307 | Y21: 1014.264 | Z21: 7655 | AA21: 3066.528 | AB21: 1030.879 | AC21: 1912.731 | AD21: 0.057 | AE21: 826.9875 | AF21: 1012235 | AG21: 29907.379 | AH21: 33175307 | AI21: 102843.45 | AJ21: 1030879 | AK21: 31155.776 | AL21: 8045.4 | AM21: 7655 | AN21: 242.13469 | AO21: 49.288081 | AP21: 3.3029799 | AQ21: 30626.128 | AR21: 181 | AS21: 3800 | AT21: 9010 | AU21: 34238000 | AV21: 623720.1 | AW21: 29907.379 | AX21: 31155.776 | AY21: -1248.3972 | AZ21: 4022 | BA21: 7318 | BB21: 7351 | BC21: 3498 | BD21: 2009 | BE21: 7318 | BF21: 826.9875 | BG21: 304 | BH21: 304 | BI21: 7351 | BJ21: 4022 | BK21: 2873 | BL21: 826.9875 | BM21: 2681831 | BN21: 3672 | BO21: 34448.036 | BP21: 146014 | BQ21: 180462.04 | BR21: 1030.879 | BS21: 2681831 | BT21: 2373152 | BU21: 0.0033396473 | BV21: 2009 | BW21: 304 | BX21: 34448.036 | BY21: 146014 | BZ21: 180462.04 | CA21: 3599.442 | CB21: 15069.751 | CC21: 2539.709 | CD21: 40000 | CE21: 283475 | CF21: 15551983 | CG21: 52.47 | CH21: 1147781 | CI21: 138 | CJ21: 2539709 | CK21: 40000 | CL21: 283475 | CM21: 1012235 | CN21: -981079.22 | CO21: 1811356 | CP21: 0 | CQ21: 3500 | CR21: 62.85 | CS21: 70.78 | CT21: 457 | CU21: 91.87 | CV21: 3448 | CW21: 31778.19 | CX21: 60.98 | CY21: 62.85 | CZ21: 70.78 | DA21: 457 | DB21: 91.87 | DC21: 3448 | DD21: 31778.19 | DE21: 100.054 | DF21: 722.47 | DG21: 67.15 | DH21: 70.44 | DI21: 103.12 | DJ21: 100.054 | DK21: 722.47 | DL21: 213.77 | DM21: 2314 | DN21: 67.15 | DO21: 70.44 | DP21: 103.12
B22: 2 | C22: 674.289 | D22: 3572.5 | E22: 1575 | F22: 2.2711515 | G22: 237.2325 | H22: 2141 | I22: 50.065 | J22: 638061 | K22: 126 | L22: 3.915 | M22: 129.5 | N22: 33728.432 | O22: 674.289 | P22: 33728.432 | Q22: 186962.93 | R22: 153234.5 | S22: 21033.33 | T22: 0.1125 | U22: 186962.93 | V22: 104708.49 | W22: 0.0031 | X22: 33776932 | Y22: 1017.839 | Z22: 7913 | AA22: 3181.935 | AB22: 1046.8205 | AC22: 1966.255 | AD22: 0.054 | AE22: 829.2375 | AF22: 1013249.5 | AG22: 31352.045 | AH22: 33776932 | AI22: 104708.49 | AJ22: 1046820.5 | AK22: 31329.039 | AL22: 8216.75 | AM22: 7913 | AN22: 242.87774 | AO22: 49.612673 | AP22: 3.303088 | AQ22: 30890.952 | AR22: 300.5 | AS22: 3900 | AT22: 9023.5 | AU22: 35193000 | AV22: 1854025.1 | AW22: 31352.045 | AX22: 31329.039 | AY22: 23.00575 | AZ22: 4108 | BA22: 7334.5 | BB22: 7371 | BC22: 3572.5 | BD22: 2009 | BE22: 7334.5 | BF22: 829.2375 | BG22: 542 | BH22: 542 | BI22: 7371 | BJ22: 4108 | BK22: 2986 | BL22: 829.2375 | BM22: 2814449 | BN22: 3750.5 | BO22: 33728.432 | BP22: 153234.5 | BQ22: 186962.93 | BR22: 1046.8205 | BS22: 2814449 | BT22: 2527491.5 | BU22: 0.0036732508 | BV22: 2009 | BW22: 542 | BX22: 33728.432 | BY22: 153234.5 | BZ22: 186962.93 | CA22: 3685.22 | CB22: 15255.034 | CC22: 2592.6195 | CD22: 41500 | CE22: 284474 | CF22: 15334027 | CG22: 49.355 | CH22: 1167980.5 | CI22: 129.5 | CJ22: 2592619.5 | CK22: 41500 | CL22: 284474 | CM22: 1013249.5 | CN22: -981920.46 | CO22: 1862043.5 | CP22: 0 | CQ22: 3650 | CR22: 60.815 | CS22: 71.105 | CT22: 447.5 | CU22: 91.965 | CV22: 3487 | CW22: 32269.61 | CX22: 61.915 | CY22: 60.815 | CZ22: 71.105 | DA22: 447.5 | DB22: 91.965 | DC22: 3487 | DD22: 32269.61 | DE22: 99.847 | DF22: 751.34 | DG22: 67.025 | DH22: 70.6 | DI22: 101.587 | DJ22: 99.847 | DK22: 751.34 | DL22: 237.2325 | DM22: 2141 | DN22: 67.025 | DO22: 70.6 | DP22: 101.587
A23: 2010 | B23: 1 | C23: 688.401 | D23: 3647 | E23: 1650 | F23: 2.210303 | G23: 260.695 | H23: 1968 | I23: 47.95 | J23: 660177 | K23: 120 | L23: 4.01 | M23: 132 | N23: 33008.828 | O23: 688.401 | P23: 33008.828 | Q23: 193463.83 | R23: 160455 | S23: 21764.681 | T23: 0.1125 | U23: 193463.83 | V23: 106573.53 | W23: 0.0031 | X23: 34378557 | Y23: 1021.414 | Z23: 8171 | AA23: 3297.342 | AB23: 1062.762 | AC23: 2019.779 | AD23: 0.051 | AE23: 831.4875 | AF23: 1014264 | AG23: 32796.711 | AH23: 34378557 | AI23: 106573.53 | AJ23: 1062762 | AK23: 31502.302 | AL23: 8388.1 | AM23: 8171 | AN23: 243.62078 | AO23: 49.937265 | AP23: 3.3031961 | AQ23: 31155.776 | AR23: 420 | AS23: 4000 | AT23: 9037 | AU23: 36148000 | AV23: 3084330.2 | AW23: 32796.711 | AX23: 31502.302 | AY23: 1294.4087 | AZ23: 4194 | BA23: 7351 | BB23: 7391 | BC23: 3647 | BD23: 2010 | BE23: 7351 | BF23: 831.4875 | BG23: 780 | BH23: 780 | BI23: 7391 | BJ23: 4194 | BK23: 3099 | BL23: 831.4875 | BM23: 2947067 | BN23: 3829 | BO23: 33008.828 | BP23: 160455 | BQ23: 193463.83 | BR23: 1062.762 | BS23: 2947067 | BT23: 2681831 | BU23: 0.0040068543 | BV23: 2010 | BW23: 780 | BX23: 33008.828 | BY23: 160455 | BZ23: 193463.83 | CA23: 3770.998 | CB23: 15440.318 | CC23: 2645.53 | CD23: 43000 | CE23: 285473 | CF23: 15116071 | CG23: 46.24 | CH23: 1188180 | CI23: 121 | CJ23: 2645530 | CK23: 43000 | CL23: 285473 | CM23: 1014264 | CN23: -982761.7 | CO23: 1912731 | CP23: 0 | CQ23: 3800 | CR23: 58.78 | CS23: 71.43 | CT23: 438 | CU23: 92.06 | CV23: 3526 | CW23: 32761.03 | CX23: 62.85 | CY23: 58.78 | CZ23: 71.43 | DA23: 438 | DB23: 92.06 | DC23: 3526 | DD23: 32761.03 | DE23: 99.64 | DF23: 780.21 | DG23: 66.9 | DH23: 70.76 | DI23: 100.054 | DJ23: 99.64 | DK23: 780.21 | DL23: 260.695 | DM23: 1968 | DN23: 66.9 | DO23: 70.76 | DP23: 100.054
B24: 2 | C24: 695.7845 | D24: 3713.5 | E24: 1675 | F24: 2.2169162 | G24: 275.1785 | H24: 2005 | I24: 48.44 | J24: 674289 | K24: 122.5 | L24: 4.12 | M24: 126 | N24: 33707.419 | O24: 695.7845 | P24: 33707.419 | Q24: 197505.42 | R24: 163798 | S24: 22239.514 | T24: 0.1126 | U24: 197505.42 | V24: 111005.22 | W24: 0.00315 | X24: 35226297 | Y24: 1027.617 | Z24: 8230.5 | AA24: 3330.9885 | AB24: 1069.761 | AC24: 2076.299 | AD24: 0.0515 | AE24: 860.34525 | AF24: 1017839 | AG24: 33876.226 | AH24: 35226297 | AI24: 111005.22 | AJ24: 1069761 | AK24: 31840.172 | AL24: 8541.05 | AM24: 8230.5 | AN24: 244.36838 | AO24: 50.266132 | AP24: 3.3033041 | AQ24: 31329.039 | AR24: 325.5 | AS24: 4150 | AT24: 9052.5 | AU24: 37570200 | AV24: 2444016 | AW24: 33876.226 | AX24: 31840.172 | AY24: 2036.0548 | AZ24: 4270.5 | BA24: 7371 | BB24: 7640.5 | BC24: 3713.5 | BD24: 2010 | BE24: 7371 | BF24: 860.34525 | BG24: 590 | BH24: 590 | BI24: 7640.5 | BJ24: 4270.5 | BK24: 3156 | BL24: 860.34525 | BM24: 3277235 | BN24: 3899 | BO24: 33707.419 | BP24: 163798 | BQ24: 197505.42 | BR24: 1069.761 | BS24: 3277235 | BT24: 2814449 | BU24: 0.0028187393 | BV24: 2010 | BW24: 590 | BX24: 33707.419 | BY24: 163798 | BZ24: 197505.42 | CA24: 3892.679 | CB24: 15712.042 | CC24: 2704.965 | CD24: 45500 | CE24: 286046.5 | CF24: 16173286 | CG24: 49.73 | CH24: 1209090 | CI24: 128.5 | CJ24: 2704965 | CK24: 45500 | CL24: 286046.5 | CM24: 1017839 | CN24: -985998.83 | CO24: 1966255 | CP24: 0 | CQ24: 3900 | CR24: 59.625 | CS24: 71.685 | CT24: 456 | CU24: 92.295 | CV24: 3584.5 | CW24: 33302.535 | CX24: 60.815 | CY24: 59.625 | CZ24: 71.685 | DA24: 456 | DB24: 92.295 | DC24: 3584.5 | DD24: 33302.535 | DE24: 99.025 | DF24: 806.885 | DG24: 67.03 | DH24: 70.92 | DI24: 99.847 | DJ24: 99.025 | DK24: 806.885 | DL24: 275.1785 | DM24: 2005 | DN24: 67.03 | DO24: 70.92 | DP24: 99.847
A25: 2011 | B25: 1 | C25: 703.168 | D25: 3780 | E25: 1700 | F25: 2.2235294 | G25: 289.662 | H25: 2042 | I25: 48.93 | J25: 688401 | K25: 125 | L25: 4.23 | M25: 120 | N25: 34406.01 | O25: 703.168 | P25: 34406.01 | Q25: 201547.01 | R25: 167141 | S25: 22714.348 | T25: 0.1127 | U25: 201547.01 | V25: 115436.92 | W25: 0.0032 | X25: 36074037 | Y25: 1033.82 | Z25: 8290 | AA25: 3364.635 | AB25: 1076.76 | AC25: 2132.819 | AD25: 0.052 | AE25: 889.203 | AF25: 1021414 | AG25: 34955.742 | AH25: 36074037 | AI25: 115436.92 | AJ25: 1076760 | AK25: 32178.041 | AL25: 8694 | AM25: 8290 | AN25: 245.11599 | AO25: 50.595 | AP25: 3.3034121 | AQ25: 31502.302 | AR25: 231 | AS25: 4300 | AT25: 9068 | AU25: 38992400 | AV25: 1803701.9 | AW25: 34955.742 | AX25: 32178.041 | AY25: 2777.7008 | AZ25: 4347 | BA25: 7391 | BB25: 7890 | BC25: 3780 | BD25: 2011 | BE25: 7391 | BF25: 889.203 | BG25: 400 | BH25: 400 | BI25: 7890 | BJ25: 4347 | BK25: 3213 | BL25: 889.203 | BM25: 3607403 | BN25: 3969 | BO25: 34406.01 | BP25: 167141 | BQ25: 201547.01 | BR25: 1076.76 | BS25: 3607403 | BT25: 2947067 | BU25: 0.0016306244 | BV25: 2011 | BW25: 400 | BX25: 34406.01 | BY25: 167141 | BZ25: 201547.01 | CA25: 4014.36 | CB25: 15983.767 | CC25: 2764.4 | CD25: 48000 | CE25: 286620 | CF25: 17230500 | CG25: 53.22 | CH25: 1230000 | CI25: 136 | CJ25: 2764400 | CK25: 48000 | CL25: 286620 | CM25: 1021414 | CN25: -989235.96 | CO25: 2019779 | CP25: 0 | CQ25: 4000 | CR25: 60.47 | CS25: 71.94 | CT25: 474 | CU25: 92.53 | CV25: 3643 | CW25: 33844.04 | CX25: 58.78 | CY25: 60.47 | CZ25: 71.94 | DA25: 474 | DB25: 92.53 | DC25: 3643 | DD25: 33844.04 | DE25: 98.41 | DF25: 833.56 | DG25: 67.16 | DH25: 71.08 | DI25: 99.64 | DJ25: 98.41 | DK25: 833.56 | DL25: 289.662 | DM25: 2042 | DN25: 67.16 | DO25: 71.08 | DP25: 99.64
B26: 2 | C26: 708.7375 | D26: 3931 | E26: 1775 | F26: 2.2150079 | G26: 289.662 | H26: 2608.5 | I26: 49.33 | J26: 695784.5 | K26: 130 | L26: 4.495 | M26: 122.5 | N26: 34964.249 | O26: 708.7375 | P26: 34964.249 | Q26: 200104.75 | R26: 165140.5 | S26: 22522.006 | T26: 0.11255 | U26: 200104.75 | V26: 117166.7 | W26: 0.0032 | X26: 36614592 | Y26: 1677.2985 | Z26: 8566.5 | AA26: 3368.727 | AB26: 2201.241 | AC26: 1809.223 | AD26: 0.052 | AE26: 930.3381 | AF26: 1027617 | AG26: 35293.764 | AH26: 36614592 | AI26: 117166.7 | AJ26: 2201241 | AK26: 30802.459 | AL26: 9041.3 | AM26: 8566.5 | AN26: 246.78385 | AO26: 50.9355 | AP26: 3.30352 | AQ26: 31840.172 | AR26: 181.5 | AS26: 4350 | AT26: 9369 | AU26: 40770200 | AV26: 1442406.4 | AW26: 35293.764 | AX26: 30802.459 | AY26: 4491.3054 | AZ26: 4520.65 | BA26: 7640.5 | BB26: 8266.5 | BC26: 3931 | BD26: 2011 | BE26: 7640.5 | BF26: 930.3381 | BG26: 300 | BH26: 300 | BI26: 8266.5 | BJ26: 4520.65 | BK26: 3291 | BL26: 930.3381 | BM26: 3661458 | BN26: 4127.5 | BO26: 34964.249 | BP26: 165140.5 | BQ26: 200104.75 | BR26: 2201.241 | BS26: 3661458 | BT26: 3277235 | BU26: 0.016196507 | BV26: 2011 | BW26: 300 | BX26: 34964.249 | BY26: 165140.5 | BZ26: 200104.75 | CA26: 4107.369 | CB26: 16729.378 | CC26: 3019.2 | CD26: 46500 | CE26: 287857.5 | CF26: 18034269 | CG26: 48.12 | CH26: 1362222 | CI26: 138 | CJ26: 3019200 | CK26: 46500 | CL26: 287857.5 | CM26: 1027617 | CN26: -996814.54 | CO26: 2076299 | CP26: 0 | CQ26: 4150 | CR26: 62.62 | CS26: 71.955 | CT26: 474 | CU26: 93.045 | CV26: 3668.5 | CW26: 33893.405 | CX26: 59.625 | CY26: 62.62 | CZ26: 71.955 | DA26: 474 | DB26: 93.045 | DC26: 3668.5 | DD26: 33893.405 | DE26: 99.57 | DF26: 843.385 | DG26: 67.035 | DH26: 71.24 | DI26: 99.025 | DJ26: 99.57 | DK26: 843.385 | DL26: 289.662 | DM26: 2608.5 | DN26: 67.035 | DO26: 71.24 | DP26: 99.025
A27: 2012 | B27: 1 | C27: 714.307 | D27: 4082 | E27: 1850 | F27: 2.2064865 | G27: 289.662 | H27: 3175 | I27: 49.73 | J27: 703168 | K27: 135 | L27: 4.76 | M27: 125 | N27: 35522.487 | O27: 714.307 | P27: 35522.487 | Q27: 198662.49 | R27: 163140 | S27: 22329.664 | T27: 0.1124 | U27: 198662.49 | V27: 118896.47 | W27: 0.0032 | X27: 37155148 | Y27: 2320.777 | Z27: 8843 | AA27: 3372.819 | AB27: 3325.722 | AC27: 1485.627 | AD27: 0.052 | AE27: 971.4732 | AF27: 1033820 | AG27: 35631.787 | AH27: 37155148 | AI27: 118896.47 | AJ27: 3325722 | AK27: 29426.877 | AL27: 9388.6 | AM27: 8843 | AN27: 248.45171 | AO27: 51.276 | AP27: 3.303628 | AQ27: 32178.041 | AR27: 132 | AS27: 4400 | AT27: 9670 | AU27: 42548000 | AV27: 1081111 | AW27: 35631.787 | AX27: 29426.877 | AY27: 6204.9099 | AZ27: 4694.3 | BA27: 7890 | BB27: 8643 | BC27: 4082 | BD27: 2012 | BE27: 7890 | BF27: 971.4732 | BG27: 200 | BH27: 200 | BI27: 8643 | BJ27: 4694.3 | BK27: 3369 | BL27: 971.4732 | BM27: 3715513 | BN27: 4286 | BO27: 35522.487 | BP27: 163140 | BQ27: 198662.49 | BR27: 3325.722 | BS27: 3715513 | BT27: 3607403 | BU27: 0.03076239 | BV27: 2012 | BW27: 200 | BX27: 35522.487 | BY27: 163140 | BZ27: 198662.49 | CA27: 4200.378 | CB27: 17474.989 | CC27: 3274 | CD27: 45000 | CE27: 289095 | CF27: 18838038 | CG27: 43.02 | CH27: 1494444 | CI27: 140 | CJ27: 3274000 | CK27: 45000 | CL27: 289095 | CM27: 1033820 | CN27: -1004393.1 | CO27: 2132819 | CP27: 0 | CQ27: 4300 | CR27: 64.77 | CS27: 71.97 | CT27: 474 | CU27: 93.56 | CV27: 3694 | CW27: 33942.77 | CX27: 60.47 | CY27: 64.77 | CZ27: 71.97 | DA27: 474 | DB27: 93.56 | DC27: 3694 | DD27: 33942.77 | DE27: 100.73 | DF27: 853.21 | DG27: 66.91 | DH27: 71.4 | DI27: 98.41 | DJ27: 100.73 | DK27: 853.21 | DL27: 289.662 | DM27: 3175 | DN27: 66.91 | DO27: 71.4 | DP27: 98.41
B28: 2 | C28: 705.8255 | D28: 4352.5 | E28: 1875 | F28: 2.3198222 | G28: 281.357 | H28: 2901 | I28: 50.47 | J28: 708737.5 | K28: 151 | L28: 5.065 | M28: 130 | N28: 35616.737 | O28: 705.8255 | P28: 35616.737 | Q28: 195456.24 | R28: 159839.5 | S28: 21911.606 | T28: 0.1121 | U28: 195456.24 | V28: 117667.88 | W28: 0.003162 | X28: 37213823 | Y28: 2215.1265 | Z28: 9117 | AA28: 3402.217 | AB28: 3305.0745 | AC28: 897.177 | AD28: 0.0525 | AE28: 985.5385 | AF28: 1677298.5 | AG28: 35384.049 | AH28: 37213823 | AI28: 117667.88 | AJ28: 3305074.5 | AK28: 30069.708 | AL28: 10010.75 | AM28: 9117 | AN28: 250.12851 | AO28: 51.6155 | AP28: 3.3037359 | AQ28: 30802.459 | AR28: 195 | AS28: 4600 | AT28: 10929.5 | AU28: 50527600 | AV28: 599230.5 | AW28: 35384.049 | AX28: 30069.708 | AY28: 5314.3411 | AZ28: 4961.15 | BA28: 8266.5 | BB28: 8792 | BC28: 4352.5 | BD28: 2012 | BE28: 8266.5 | BF28: 985.5385 | BG28: 325 | BH28: 325 | BI28: 8792 | BJ28: 4961.15 | BK28: 3599 | BL28: 985.5385 | BM28: 3721596.5 | BN28: 4570 | BO28: 35616.737 | BP28: 159839.5 | BQ28: 195456.24 | BR28: 3305.0745 | BS28: 3721596.5 | BT28: 3661458 | BU28: 0.15035395 | BV28: 2012 | BW28: 325 | BX28: 35616.737 | BY28: 159839.5 | BZ28: 195456.24 | CA28: 4455.6075 | CB28: 17177.185 | CC28: 3242.75 | CD28: 50500 | CE28: 288347.5 | CF28: 18787075 | CG28: 46.76 | CH28: 1430555.5 | CI28: 160 | CJ28: 3242750 | CK28: 50500 | CL28: 288347.5 | CM28: 1677298.5 | CN28: -1647228.8 | CO28: 1809223 | CP28: 0 | CQ28: 4350 | CR28: 62.22 | CS28: 72.17 | CT28: 463 | CU28: 93.73 | CV28: 3658.5 | CW28: 33663.215 | CX28: 62.62 | CY28: 62.22 | CZ28: 72.17 | DA28: 463 | DB28: 93.73 | DC28: 3658.5 | DD28: 33663.215 | DE28: 101.155 | DF28: 858.515 | DG28: 67.04 | DH28: 71.56 | DI28: 99.57 | DJ28: 101.155 | DK28: 858.515 | DL28: 281.357 | DM28: 2901 | DN28: 67.04 | DO28: 71.56 | DP28: 99.57
A29: 2013 | B29: 1 | C29: 697.344 | D29: 4623 | E29: 1900 | F29: 2.4331579 | G29: 273.052 | H29: 2627 | I29: 51.21 | J29: 714307 | K29: 167 | L29: 5.37 | M29: 135 | N29: 35710.986 | O29: 697.344 | P29: 35710.986 | Q29: 192249.99 | R29: 156539 | S29: 21493.548 | T29: 0.1118 | U29: 192249.99 | V29: 116439.28 | W29: 0.003124 | X29: 37272498 | Y29: 2109.476 | Z29: 9391 | AA29: 3431.615 | AB29: 3284.427 | AC29: 308.727 | AD29: 0.053 | AE29: 999.6038 | AF29: 2320777 | AG29: 35136.31 | AH29: 37272498 | AI29: 116439.28 | AJ29: 3284427 | AK29: 30712.538 | AL29: 10632.9 | AM29: 9391 | AN29: 251.80531 | AO29: 51.955 | AP29: 3.3038438 | AQ29: 29426.877 | AR29: 258 | AS29: 4800 | AT29: 12189 | AU29: 58507200 | AV29: 117350 | AW29: 35136.31 | AX29: 30712.538 | AY29: 4423.7723 | AZ29: 5228 | BA29: 8643 | BB29: 8941 | BC29: 4623 | BD29: 2013 | BE29: 8643 | BF29: 999.6038 | BG29: 450 | BH29: 450 | BI29: 8941 | BJ29: 5228 | BK29: 3829 | BL29: 999.6038 | BM29: 3727680 | BN29: 4854 | BO29: 35710.986 | BP29: 156539 | BQ29: 192249.99 | BR29: 3284.427 | BS29: 3727680 | BT29: 3715513 | BU29: 0.26994551 | BV29: 2013 | BW29: 450 | BX29: 35710.986 | BY29: 156539 | BZ29: 192249.99 | CA29: 4710.837 | CB29: 16879.381 | CC29: 3211.5 | CD29: 56000 | CE29: 287600 | CF29: 18736112 | CG29: 50.5 | CH29: 1366667 | CI29: 180 | CJ29: 3211500 | CK29: 56000 | CL29: 287600 | CM29: 2320777 | CN29: -2290064.5 | CO29: 1485627 | CP29: 0 | CQ29: 4400 | CR29: 59.67 | CS29: 72.37 | CT29: 452 | CU29: 93.9 | CV29: 3623 | CW29: 33383.66 | CX29: 64.77 | CY29: 59.67 | CZ29: 72.37 | DA29: 452 | DB29: 93.9 | DC29: 3623 | DD29: 33383.66 | DE29: 101.58 | DF29: 863.82 | DG29: 67.17 | DH29: 71.72 | DI29: 100.73 | DJ29: 101.58 | DK29: 863.82 | DL29: 273.052 | DM29: 2627 | DN29: 67.17 | DO29: 71.72 | DP29: 100.73
B30: 2 | C30: 687.034 | D30: 4780.5 | E30: 1925 | F30: 2.4827328 | G30: 272.409 | H30: 2387.5 | I30: 51.395 | J30: 705825.5 | K30: 159 | L30: 5.79 | M30: 151 | N30: 35308.205 | O30: 687.034 | P30: 35308.205 | Q30: 183839.21 | R30: 148531 | S30: 20719.88 | T30: 0.11275 | U30: 183839.21 | V30: 114535.25 | W30: 0.00311295 | X30: 36791446 | Y30: 1864.6535 | Z30: 9749.5 | AA30: 3103.242 | AB30: 2743.681 | AC30: 291.862 | AD30: 0.0545 | AE30: 1047.7222 | AF30: 2215126.5 | AG30: 34706.661 | AH30: 36791446 | AI30: 114535.25 | AJ30: 2743681 | AK30: 32077.205 | AL30: 10995.15 | AM30: 9749.5 | AN30: 253.4667 | AO30: 52.295 | AP30: 3.3039516 | AQ30: 30069.708 | AR30: 263.5 | AS30: 5250 | AT30: 12314.5 | AU30: 64707600 | AV30: -422377 | AW30: 34706.661 | AX30: 32077.205 | AY30: 2629.4561 | AZ30: 5278 | BA30: 8792 | BB30: 9289.5 | BC30: 4780.5 | BD30: 2013 | BE30: 8792 | BF30: 1047.7222 | BG30: 460 | BH30: 460 | BI30: 9289.5 | BJ30: 5278 | BK30: 3963 | BL30: 1047.7222 | BM30: 3679359.5 | BN30: 5019 | BO30: 35308.205 | BP30: 148531 | BQ30: 183839.21 | BR30: 2743.681 | BS30: 3679359.5 | BT30: 3721596.5 | BU30: 0.12357524 | BV30: 2013 | BW30: 460 | BX30: 35308.205 | BY30: 148531 | BZ30: 183839.21 | CA30: 4851.5775 | CB30: 16928.81 | CC30: 3221.5 | CD30: 65000 | CE30: 318128 | CF30: 18035446 | CG30: 49.685 | CH30: 1441667 | CI30: 167.5 | CJ30: 3221500 | CK30: 65000 | CL30: 318128 | CM30: 2215126.5 | CN30: -2183049.3 | CO30: 897177 | CP30: 0 | CQ30: 4600 | CR30: 57.46 | CS30: 73.37 | CT30: 495 | CU30: 93.975 | CV30: 3557 | CW30: 35052.845 | CX30: 62.22 | CY30: 57.46 | CZ30: 73.37 | DA30: 495 | DB30: 93.975 | DC30: 3557 | DD30: 35052.845 | DE30: 103.55 | DF30: 873.87 | DG30: 67.045 | DH30: 71.88 | DI30: 101.155 | DJ30: 103.55 | DK30: 873.87 | DL30: 272.409 | DM30: 2387.5 | DN30: 67.045 | DO30: 71.88 | DP30: 101.155
A31: 2014 | B31: 1 | C31: 676.724 | D31: 4938 | E31: 1950 | F31: 2.5323077 | G31: 271.766 | H31: 2148 | I31: 51.58 | J31: 697344 | K31: 151 | L31: 6.21 | M31: 167 | N31: 34905.424 | O31: 676.724 | P31: 34905.424 | Q31: 175428.42 | R31: 140523 | S31: 19946.212 | T31: 0.1137 | U31: 175428.42 | V31: 112631.21 | W31: 0.0031019 | X31: 36310394 | Y31: 1619.831 | Z31: 10108 | AA31: 2774.869 | AB31: 2202.935 | AC31: 274.997 | AD31: 0.056 | AE31: 1095.8406 | AF31: 2109476 | AG31: 34277.012 | AH31: 36310394 | AI31: 112631.21 | AJ31: 2202935 | AK31: 33441.872 | AL31: 11357.4 | AM31: 10108 | AN31: 255.12808 | AO31: 52.635 | AP31: 3.3040595 | AQ31: 30712.538 | AR31: 269 | AS31: 5700 | AT31: 12440 | AU31: 70908000 | AV31: -962104 | AW31: 34277.012 | AX31: 33441.872 | AY31: 835.13993 | AZ31: 5328 | BA31: 8941 | BB31: 9638 | BC31: 4938 | BD31: 2014 | BE31: 8941 | BF31: 1095.8406 | BG31: 470 | BH31: 470 | BI31: 9638 | BJ31: 5328 | BK31: 4097 | BL31: 1095.8406 | BM31: 3631039 | BN31: 5184 | BO31: 34905.424 | BP31: 140523 | BQ31: 175428.42 | BR31: 2202.935 | BS31: 3631039 | BT31: 3727680 | BU31: -0.022795035 | BV31: 2014 | BW31: 470 | BX31: 34905.424 | BY31: 140523 | BZ31: 175428.42 | CA31: 4992.318 | CB31: 16978.238 | CC31: 3231.5 | CD31: 74000 | CE31: 348656 | CF31: 17334780 | CG31: 48.87 | CH31: 1516667 | CI31: 155 | CJ31: 3231500 | CK31: 74000 | CL31: 348656 | CM31: 2109476 | CN31: -2076034.1 | CO31: 308727 | CP31: 0 | CQ31: 4800 | CR31: 55.25 | CS31: 74.37 | CT31: 538 | CU31: 94.05 | CV31: 3491 | CW31: 36722.03 | CX31: 59.67 | CY31: 55.25 | CZ31: 74.37 | DA31: 538 | DB31: 94.05 | DC31: 3491 | DD31: 36722.03 | DE31: 105.52 | DF31: 883.92 | DG31: 66.92 | DH31: 72.04 | DI31: 101.58 | DJ31: 105.52 | DK31: 883.92 | DL31: 271.766 | DM31: 2148 | DN31: 66.92 | DO31: 72.04 | DP31: 101.58
B32: 2 | C32: 704.2675 | D32: 5050.5 | E32: 1950 | F32: 2.59 | G32: 267.8545 | H32: 1561.95 | I32: 52.225 | J32: 687034 | K32: 137 | L32: 6.97 | M32: 159 | N32: 36798.136 | O32: 704.2675 | P32: 36798.136 | Q32: 195034.14 | R32: 158236 | S32: 22497.341 | T32: 0.1152 | U32: 195034.14 | V32: 117513.88 | W32: 0.00306395 | X32: 38379346 | Y32: 1619.8305 | Z32: 10751.5 | AA32: 2988.4455 | AB32: 2030.705 | AC32: 460.042 | AD32: 0.055 | AE32: 1184.8106 | AF32: 1864653.5 | AG32: 36493.016 | AH32: 38379346 | AI32: 117513.88 | AJ32: 2030705 | AK32: 34821.549 | AL32: 11616.15 | AM32: 10751.5 | AN32: 256.75567 | AO32: 52.974 | AP32: 3.3041673 | AQ32: 32077.205 | AR32: 272 | AS32: 6250 | AT32: 13117.5 | AU32: 82357000 | AV32: 1587899.5 | AW32: 36493.016 | AX32: 34821.549 | AY32: 1671.4676 | AZ32: 5477.5 | BA32: 9289.5 | BB32: 10276.5 | BC32: 5050.5 | BD32: 2014 | BE32: 9289.5 | BF32: 1184.8106 | BG32: 475 | BH32: 475 | BI32: 10276.5 | BJ32: 5477.5 | BK32: 4192.5 | BL32: 1184.8106 | BM32: 3837934 | BN32: 5302.5 | BO32: 36798.136 | BP32: 158236 | BQ32: 195034.14 | BR32: 2030.705 | BS32: 3837934 | BT32: 3679359.5 | BU32: -0.0091518435 | BV32: 2014 | BW32: 475 | BX32: 36798.136 | BY32: 158236 | BZ32: 195034.14 | CA32: 5131.8705 | CB32: 17128.315 | CC32: 3528.25 | CD32: 80500 | CE32: 315474 | CF32: 17583040 | CG32: 51.515 | CH32: 1730000 | CI32: 144.5 | CJ32: 3528250 | CK32: 80500 | CL32: 315474 | CM32: 1864653.5 | CN32: -1829832 | CO32: 291862 | CP32: 0 | CQ32: 5250 | CR32: 58.44 | CS32: 75.82 | CT32: 544.5 | CU32: 93.83 | CV32: 3411 | CW32: 37089.25 | CX32: 57.46 | CY32: 58.44 | CZ32: 75.82 | DA32: 544.5 | DB32: 93.83 | DC32: 3411 | DD32: 37089.25 | DE32: 102.04 | DF32: 922.525 | DG32: 67.05 | DH32: 72.2 | DI32: 103.55 | DJ32: 102.04 | DK32: 922.525 | DL32: 267.8545 | DM32: 1561.95 | DN32: 67.05 | DO32: 72.2 | DP32: 103.55
A33: 2015 | B33: 1 | C33: 731.811 | D33: 5163 | E33: 1950 | F33: 2.6476923 | G33: 263.943 | H33: 975.9 | I33: 52.87 | J33: 676724 | K33: 123 | L33: 7.73 | M33: 151 | N33: 38690.848 | O33: 731.811 | P33: 38690.848 | Q33: 214639.85 | R33: 175949 | S33: 25048.47 | T33: 0.1167 | U33: 214639.85 | V33: 122396.55 | W33: 0.003026 | X33: 40448297 | Y33: 1619.83 | Z33: 11395 | AA33: 3202.022 | AB33: 1858.475 | AC33: 645.087 | AD33: 0.054 | AE33: 1273.7805 | AF33: 1619831 | AG33: 38709.02 | AH33: 40448297 | AI33: 122396.55 | AJ33: 1858475 | AK33: 36201.225 | AL33: 11874.9 | AM33: 11395 | AN33: 258.38326 | AO33: 53.313 | AP33: 3.3042751 | AQ33: 33441.872 | AR33: 275 | AS33: 6800 | AT33: 13795 | AU33: 93806000 | AV33: 4137903 | AW33: 38709.02 | AX33: 36201.225 | AY33: 2507.7952 | AZ33: 5627 | BA33: 9638 | BB33: 10915 | BC33: 5163 | BD33: 2015 | BE33: 9638 | BF33: 1273.7805 | BG33: 480 | BH33: 480 | BI33: 10915 | BJ33: 5627 | BK33: 4288 | BL33: 1273.7805 | BM33: 4044829 | BN33: 5421 | BO33: 38690.848 | BP33: 175949 | BQ33: 214639.85 | BR33: 1858.475 | BS33: 4044829 | BT33: 3631039 | BU33: 0.0044913483 | BV33: 2015 | BW33: 480 | BX33: 38690.848 | BY33: 175949 | BZ33: 214639.85 | CA33: 5271.423 | CB33: 17278.391 | CC33: 3825 | CD33: 87000 | CE33: 282292 | CF33: 17831299 | CG33: 54.16 | CH33: 1943333 | CI33: 134 | CJ33: 3825000 | CK33: 87000 | CL33: 282292 | CM33: 1619831 | CN33: -1583629.8 | CO33: 274997 | CP33: 0 | CQ33: 5700 | CR33: 61.63 | CS33: 77.27 | CT33: 551 | CU33: 93.61 | CV33: 3331 | CW33: 37456.47 | CX33: 55.25 | CY33: 61.63 | CZ33: 77.27 | DA33: 551 | DB33: 93.61 | DC33: 3331 | DD33: 37456.47 | DE33: 98.56 | DF33: 961.13 | DG33: 67.18 | DH33: 72.36 | DI33: 105.52 | DJ33: 98.56 | DK33: 961.13 | DL33: 263.943 | DM33: 975.9 | DN33: 67.18 | DO33: 72.36 | DP33: 105.52
B34: 2 | C34: 779.2534 | D34: 5244 | E34: 1975 | F34: 2.6550962 | G34: 262.7065 | H34: 1424.45 | I34: 52.97 | J34: 704267.5 | K34: 122.5 | L34: 8.13 | M34: 137 | N34: 41281.797 | O34: 779.2534 | P34: 41281.797 | Q34: 240633.8 | R34: 199352 | S34: 27935.319 | T34: 0.11615 | U34: 240633.8 | V34: 132321.83 | W34: 0.0030204 | X34: 43815616 | Y34: 1472.271 | Z34: 11728 | AA34: 2992.174 | AB34: 2351.914 | AC34: 596.841 | AD34: 0.052 | AE34: 1302.226 | AF34: 1619830.5 | AG34: 42214.642 | AH34: 43815616 | AI34: 132321.83 | AJ34: 2351914 | AK34: 37629.629 | AL34: 12061.2 | AM34: 11728 | AN34: 259.96982 | AO34: 53.651 | AP34: 3.3043828 | AQ34: 34821.549 | AR34: 293 | AS34: 6500 | AT34: 13615.5 | AU34: 88554600 | AV34: 5436270.5 | AW34: 42214.642 | AX34: 37629.629 | AY34: 4585.0131 | AZ34: 5875 | BA34: 10276.5 | BB34: 11213 | BC34: 5244 | BD34: 2015 | BE34: 10276.5 | BF34: 1302.226 | BG34: 515 | BH34: 515 | BI34: 11213 | BJ34: 5875 | BK34: 4357 | BL34: 1302.226 | BM34: 4327310 | BN34: 5506 | BO34: 41281.797 | BP34: 199352 | BQ34: 240633.8 | BR34: 2351.914 | BS34: 4327310 | BT34: 3837934 | BU34: 0.0047638554 | BV34: 2015 | BW34: 515 | BX34: 41281.797 | BY34: 199352 | BZ34: 240633.8 | CA34: 5433.999 | CB34: 17478.312 | CC34: 3837.3 | CD34: 90000 | CE34: 327425 | CF34: 17569145 | CG34: 52.76 | CH34: 2008809.5 | CI34: 133 | CJ34: 3837300 | CK34: 90000 | CL34: 327425 | CM34: 1619830.5 | CN34: -1582200.9 | CO34: 460042 | CP34: 0 | CQ34: 6250 | CR34: 60.27 | CS34: 77.28 | CT34: 545 | CU34: 93.555 | CV34: 3446.5 | CW34: 37860.33 | CX34: 58.44 | CY34: 60.27 | CZ34: 77.28 | DA34: 545 | DB34: 93.555 | DC34: 3446.5 | DD34: 37860.33 | DE34: 98.14 | DF34: 967.37 | DG34: 69.805 | DH34: 72.52 | DI34: 102.04 | DJ34: 98.14 | DK34: 967.37 | DL34: 262.7065 | DM34: 1424.45 | DN34: 69.805 | DO34: 72.52 | DP34: 102.04
A35: 2016 | B35: 1 | C35: 826.6958 | D35: 5325 | E35: 2000 | F35: 2.6625 | G35: 261.47 | H35: 1873 | I35: 53.07 | J35: 731811 | K35: 122 | L35: 8.53 | M35: 123 | N35: 43872.746 | O35: 826.6958 | P35: 43872.746 | Q35: 266627.75 | R35: 222755 | S35: 30822.167 | T35: 0.1156 | U35: 266627.75 | V35: 142247.11 | W35: 0.0030148 | X35: 47182935 | Y35: 1324.712 | Z35: 12061 | AA35: 2782.326 | AB35: 2845.353 | AC35: 548.595 | AD35: 0.05 | AE35: 1330.6716 | AF35: 1619830 | AG35: 45720.264 | AH35: 47182935 | AI35: 142247.11 | AJ35: 2845353 | AK35: 39058.033 | AL35: 12247.5 | AM35: 12061 | AN35: 261.55639 | AO35: 53.989 | AP35: 3.3044905 | AQ35: 36201.225 | AR35: 311 | AS35: 6200 | AT35: 13436 | AU35: 83303200 | AV35: 6734638 | AW35: 45720.264 | AX35: 39058.033 | AY35: 6662.231 | AZ35: 6123 | BA35: 10915 | BB35: 11511 | BC35: 5325 | BD35: 2016 | BE35: 10915 | BF35: 1330.6716 | BG35: 550 | BH35: 550 | BI35: 11511 | BJ35: 6123 | BK35: 4426 | BL35: 1330.6716 | BM35: 4609790.9 | BN35: 5591 | BO35: 43872.746 | BP35: 222755 | BQ35: 266627.75 | BR35: 2845.353 | BS35: 4609790.9 | BT35: 4044829 | BU35: 0.0050363626 | BV35: 2016 | BW35: 550 | BX35: 43872.746 | BY35: 222755 | BZ35: 266627.75 | CA35: 5596.575 | CB35: 17678.234 | CC35: 3849.6 | CD35: 93000 | CE35: 372558 | CF35: 17306991 | CG35: 51.36 | CH35: 2074286 | CI35: 132 | CJ35: 3849600 | CK35: 93000 | CL35: 372558 | CM35: 1619830 | CN35: -1580772 | CO35: 645087 | CP35: 0 | CQ35: 6800 | CR35: 58.91 | CS35: 77.29 | CT35: 539 | CU35: 93.5 | CV35: 3562 | CW35: 38264.19 | CX35: 61.63 | CY35: 58.91 | CZ35: 77.29 | DA35: 539 | DB35: 93.5 | DC35: 3562 | DD35: 38264.19 | DE35: 97.72 | DF35: 973.61 | DG35: 72.43 | DH35: 72.68 | DI35: 98.56 | DJ35: 97.72 | DK35: 973.61 | DL35: 261.47 | DM35: 1873 | DN35: 72.43 | DO35: 72.68 | DP35: 98.56
B36: 2 | C36: 845.48955 | D36: 5637 | E36: 2075 | F36: 2.7147384 | G36: 260.7455 | H36: 1987.5 | I36: 53.55 | J36: 779253.4 | K36: 123.5 | L36: 8.98 | M36: 122.5 | N36: 45284.986 | O36: 845.48955 | P36: 45284.986 | Q36: 389866.04 | R36: 344581.05 | S36: 45478.997 | T36: 0.1164 | U36: 389866.04 | V36: 158825.85 | W36: 0.0029879 | X36: 53210616 | Y36: 1471.453 | Z36: 12123 | AA36: 2662.3655 | AB36: 3085.5375 | AC36: 1017.111 | AD36: 0.054 | AE36: 1341.2868 | AF36: 1472271 | AG36: 51561.087 | AH36: 53210616 | AI36: 158825.85 | AJ36: 3085537.5 | AK36: 43875.957 | AL36: 12965.1 | AM36: 12123 | AN36: 263.10368 | AO36: 54.324 | AP36: 3.3045982 | AQ36: 37629.629 | AR36: 336.5 | AS36: 6250 | AT36: 13492 | AU36: 84327800 | AV36: 9395000 | AW36: 51561.087 | AX36: 43875.957 | AY36: 7685.1304 | AZ36: 6482 | BA36: 11213 | BB36: 11523 | BC36: 5637 | BD36: 2016 | BE36: 11213 | BF36: 1341.2868 | BG36: 600 | BH36: 600 | BI36: 11523 | BJ36: 6482 | BK36: 4741 | BL36: 1341.2868 | BM36: 4872987.8 | BN36: 5918.5 | BO36: 45284.986 | BP36: 344581.05 | BQ36: 389866.04 | BR36: 3085.5375 | BS36: 4872987.8 | BT36: 4327310 | BU36: 0.0056771496 | BV36: 2016 | BW36: 600 | BX36: 45284.986 | BY36: 344581.05 | BZ36: 389866.04 | CA36: 5835.252 | CB36: 17917.479 | CC36: 4094.85 | CD36: 99000 | CE36: 348280.5 | CF36: 18439969 | CG36: 53.34 | CH36: 2074286 | CI36: 134 | CJ36: 4094850 | CK36: 99000 | CL36: 348280.5 | CM36: 1472271 | CN36: -1428395 | CO36: 596841 | CP36: 0 | CQ36: 6500 | CR36: 63.06 | CS36: 77.355 | CT36: 536.5 | CU36: 93.545 | CV36: 3699.5 | CW36: 38073.45 | CX36: 60.27 | CY36: 63.06 | CZ36: 77.355 | DA36: 536.5 | DB36: 93.545 | DC36: 3699.5 | DD36: 38073.45 | DE36: 100.35 | DF36: 974.62 | DG36: 72.495 | DH36: 72.84 | DI36: 98.14 | DJ36: 100.35 | DK36: 974.62 | DL36: 260.7455 | DM36: 1987.5 | DN36: 72.495 | DO36: 72.84 | DP36: 98.14
A37: 2017 | B37: 1 | C37: 864.2833 | D37: 5949 | E37: 2150 | F37: 2.7669767 | G37: 260.021 | H37: 2102 | I37: 54.03 | J37: 826695.8 | K37: 125 | L37: 9.43 | M37: 122 | N37: 46697.227 | O37: 864.2833 | P37: 46697.227 | Q37: 513104.33 | R37: 466407.1 | S37: 60135.827 | T37: 0.1172 | U37: 513104.33 | V37: 175404.6 | W37: 0.002961 | X37: 59238297 | Y37: 1618.194 | Z37: 12185 | AA37: 2542.405 | AB37: 3325.722 | AC37: 1485.627 | AD37: 0.058 | AE37: 1351.902 | AF37: 1324712 | AG37: 57401.91 | AH37: 59238297 | AI37: 175404.6 | AJ37: 3325722 | AK37: 48693.88 | AL37: 13682.7 | AM37: 12185 | AN37: 264.65097 | AO37: 54.659 | AP37: 3.3047059 | AQ37: 39058.033 | AR37: 362 | AS37: 6300 | AT37: 13548 | AU37: 85352400 | AV37: 12055362 | AW37: 57401.91 | AX37: 48693.88 | AY37: 8708.0298 | AZ37: 6841 | BA37: 11511 | BB37: 11535 | BC37: 5949 | BD37: 2017 | BE37: 11511 | BF37: 1351.902 | BG37: 650 | BH37: 650 | BI37: 11535 | BJ37: 6841 | BK37: 5056 | BL37: 1351.902 | BM37: 5136184.6 | BN37: 6246 | BO37: 46697.227 | BP37: 466407.1 | BQ37: 513104.33 | BR37: 3325.722 | BS37: 5136184.6 | BT37: 4609790.9 | BU37: 0.0063179366 | BV37: 2017 | BW37: 650 | BX37: 46697.227 | BY37: 466407.1 | BZ37: 513104.33 | CA37: 6073.929 | CB37: 18156.723 | CC37: 4340.1 | CD37: 105000 | CE37: 324003 | CF37: 19572947 | CG37: 55.32 | CH37: 2074286 | CI37: 136 | CJ37: 4340100 | CK37: 105000 | CL37: 324003 | CM37: 1324712 | CN37: -1276018.1 | CO37: 548595 | CP37: 0 | CQ37: 6200 | CR37: 67.21 | CS37: 77.42 | CT37: 534 | CU37: 93.59 | CV37: 3837 | CW37: 37882.71 | CX37: 58.91 | CY37: 67.21 | CZ37: 77.42 | DA37: 534 | DB37: 93.59 | DC37: 3837 | DD37: 37882.71 | DE37: 102.98 | DF37: 975.63 | DG37: 72.56 | DH37: 73 | DI37: 97.72 | DJ37: 102.98 | DK37: 975.63 | DL37: 260.021 | DM37: 2102 | DN37: 72.56 | DO37: 73 | DP37: 97.72
B38: 2 | C38: 879.2167 | D38: 5806 | E38: 2175 | F38: 2.6705338 | G38: 212.2885 | H38: 2115.5 | I38: 53.1 | J38: 845489.55 | K38: 130 | L38: 9.835 | M38: 123.5 | N38: 46672.519 | O38: 879.2167 | P38: 46672.519 | Q38: 680052.49 | R38: 633379.97 | S38: 81862.003 | T38: 0.11975 | U38: 680052.49 | V38: 178480.4 | W38: 0.0030139 | X38: 59219417 | Y38: 1281.863 | Z38: 12494.5 | AA38: 1874.837 | AB38: 2365.2805 | AC38: 1636.4635 | AD38: 0.0575 | AE38: 1413.0531 | AF38: 1471453 | AG38: 57383.615 | AH38: 59219417 | AI38: 178480.4 | AJ38: 2365280.5 | AK38: 51786.389 | AL38: 13353.8 | AM38: 12494.5 | AN38: 266.16076 | AO38: 54.992 | AP38: 3.3048135 | AQ38: 43875.957 | AR38: 387.5 | AS38: 6350 | AT38: 14014.5 | AU38: 89015400 | AV38: 6008800.9 | AW38: 57383.615 | AX38: 51786.389 | AY38: 5597.2264 | AZ38: 6676.5 | BA38: 11523 | BB38: 11794.5 | BC38: 5806 | BD38: 2017 | BE38: 11523 | BF38: 1413.0531 | BG38: 700 | BH38: 700 | BI38: 11794.5 | BJ38: 6676.5 | BK38: 4934.5 | BL38: 1413.0531 | BM38: 5300701.5 | BN38: 6096 | BO38: 46672.519 | BP38: 633379.97 | BQ38: 680052.49 | BR38: 2365.2805 | BS38: 5300701.5 | BT38: 4872987.8 | BU38: 0.0052937623 | BV38: 2017 | BW38: 700 | BX38: 46672.519 | BY38: 633379.97 | BZ38: 680052.49 | CA38: 6097.816 | CB38: 18462.329 | CC38: 4398.65 | CD38: 116500 | CE38: 318362.5 | CF38: 19902390 | CG38: 53.39 | CH38: 2205893 | CI38: 137.5 | CJ38: 4398650 | CK38: 116500 | CL38: 318362.5 | CM38: 1471453 | CN38: -1419666.6 | CO38: 1017111 | CP38: 0 | CQ38: 6250 | CR38: 68.51 | CS38: 77.415 | CT38: 524.5 | CU38: 93.99 | CV38: 3865 | CW38: 37753.4 | CX38: 63.06 | CY38: 68.51 | CZ38: 77.415 | DA38: 524.5 | DB38: 93.99 | DC38: 3865 | DD38: 37753.4 | DE38: 106.17 | DF38: 975.795 | DG38: 73.58 | DH38: 73.16 | DI38: 100.35 | DJ38: 106.17 | DK38: 975.795 | DL38: 212.2885 | DM38: 2115.5 | DN38: 73.58 | DO38: 73.16 | DP38: 100.35
A39: 2018 | B39: 1 | C39: 894.1501 | D39: 5663 | E39: 2200 | F39: 2.5740909 | G39: 164.556 | H39: 2129 | I39: 52.17 | J39: 864283.3 | K39: 135 | L39: 10.24 | M39: 125 | N39: 46647.811 | O39: 894.1501 | P39: 46647.811 | Q39: 847000.65 | R39: 800352.84 | S39: 103588.18 | T39: 0.1223 | U39: 847000.65 | V39: 181556.21 | W39: 0.0030668 | X39: 59200537 | Y39: 945.532 | Z39: 12804 | AA39: 1207.269 | AB39: 1404.839 | AC39: 1787.3 | AD39: 0.057 | AE39: 1474.2042 | AF39: 1618194 | AG39: 57365.32 | AH39: 59200537 | AI39: 181556.21 | AJ39: 1404839 | AK39: 54878.897 | AL39: 13024.9 | AM39: 12804 | AN39: 267.67055 | AO39: 55.325 | AP39: 3.3049212 | AQ39: 48693.88 | AR39: 413 | AS39: 6400 | AT39: 14481 | AU39: 92678400 | AV39: -37760.28 | AW39: 57365.32 | AX39: 54878.897 | AY39: 2486.4231 | AZ39: 6512 | BA39: 11535 | BB39: 12054 | BC39: 5663 | BD39: 2018 | BE39: 11535 | BF39: 1474.2042 | BG39: 750 | BH39: 750 | BI39: 12054 | BJ39: 6512 | BK39: 4813 | BL39: 1474.2042 | BM39: 5465218.5 | BN39: 5946 | BO39: 46647.811 | BP39: 800352.84 | BQ39: 847000.65 | BR39: 1404.839 | BS39: 5465218.5 | BT39: 5136184.6 | BU39: 0.0042695881 | BV39: 2018 | BW39: 750 | BX39: 46647.811 | BY39: 800352.84 | BZ39: 847000.65 | CA39: 6121.703 | CB39: 18767.935 | CC39: 4457.2 | CD39: 128000 | CE39: 312722 | CF39: 20231833 | CG39: 51.46 | CH39: 2337500 | CI39: 139 | CJ39: 4457200 | CK39: 128000 | CL39: 312722 | CM39: 1618194 | CN39: -1563315.1 | CO39: 1485627 | CP39: 0 | CQ39: 6300 | CR39: 69.81 | CS39: 77.41 | CT39: 515 | CU39: 94.39 | CV39: 3893 | CW39: 37624.09 | CX39: 67.21 | CY39: 69.81 | CZ39: 77.41 | DA39: 515 | DB39: 94.39 | DC39: 3893 | DD39: 37624.09 | DE39: 109.36 | DF39: 975.96 | DG39: 74.6 | DH39: 73.32 | DI39: 102.98 | DJ39: 109.36 | DK39: 975.96 | DL39: 164.556 | DM39: 2129 | DN39: 74.6 | DO39: 73.32 | DP39: 102.98
B40: 2 | C40: 854.62305 | D40: 5683 | E40: 2225 | F40: 2.5543788 | G40: 171.464 | H40: 2325.5 | I40: 50.65 | J40: 879216.7 | K40: 134 | L40: 10.845 | M40: 130 | N40: 43346.739 | O40: 854.62305 | P40: 43346.739 | Q40: 788220.81 | R40: 744874.07 | S40: 95597.02 | T40: 0.1212 | U40: 788220.81 | V40: 179689.86 | W40: 0.0031617 | X40: 56902287 | Y40: 1569.7485 | Z40: 12847.5 | AA40: 779.5585 | AB40: 1253.7245 | AC40: 1564.932 | AD40: 0.0535 | AE40: 1463.1667 | AF40: 1281863 | AG40: 55138.316 | AH40: 56902287 | AI40: 179689.86 | AJ40: 1253724.5 | AK40: 51847.452 | AL40: 13070.9 | AM40: 12847.5 | AN40: 269.14806 | AO40: 55.655 | AP40: 3.3050287 | AQ40: 51786.389 | AR40: 426 | AS40: 6450 | AT40: 14191 | AU40: 91517450 | AV40: -2317130.3 | AW40: 55138.316 | AX40: 51847.452 | AY40: 3290.8631 | AZ40: 6535 | BA40: 11794.5 | BB40: 12072.5 | BC40: 5683 | BD40: 2018 | BE40: 11794.5 | BF40: 1463.1667 | BG40: 775 | BH40: 775 | BI40: 12072.5 | BJ40: 6535 | BK40: 4830 | BL40: 1463.1667 | BM40: 5079390.6 | BN40: 5967 | BO40: 43346.739 | BP40: 744874.07 | BQ40: 788220.81 | BR40: 1253.7245 | BS40: 5079390.6 | BT40: 5300701.5 | BU40: 0.0014203497 | BV40: 2018 | BW40: 775 | BX40: 43346.739 | BY40: 744874.07 | BZ40: 788220.81 | CA40: 6000.748 | CB40: 19518.652 | CC40: 4448.4 | CD40: 132000 | CE40: 331821.5 | CF40: 20331678 | CG40: 50.44 | CH40: 2236750 | CI40: 141.5 | CJ40: 4448400 | CK40: 132000 | CL40: 331821.5 | CM40: 1281863 | CN40: -1230015.5 | CO40: 1636463.5 | CP40: 0 | CQ40: 6350 | CR40: 75.625 | CS40: 77.54 | CT40: 513 | CU40: 94.41 | CV40: 4014 | CW40: 33814.87 | CX40: 68.51 | CY40: 75.625 | CZ40: 77.54 | DA40: 513 | DB40: 94.41 | DC40: 4014 | DD40: 33814.87 | DE40: 106.105 | DF40: 976.045 | DG40: 70.895 | DH40: 73.48 | DI40: 106.17 | DJ40: 106.105 | DK40: 976.045 | DL40: 171.464 | DM40: 2325.5 | DN40: 70.895 | DO40: 73.48 | DP40: 106.17
A41: 2019 | B41: 1 | C41: 815.096 | D41: 5703 | E41: 2250 | F41: 2.5346667 | G41: 178.372 | H41: 2522 | I41: 49.13 | J41: 894150.1 | K41: 133 | L41: 11.45 | M41: 135 | N41: 40045.666 | O41: 815.096 | P41: 40045.666 | Q41: 729440.97 | R41: 689395.3 | S41: 87605.86 | T41: 0.1201 | U41: 729440.97 | V41: 177823.5 | W41: 0.0032566 | X41: 54604036 | Y41: 2193.965 | Z41: 12891 | AA41: 351.848 | AB41: 1102.61 | AC41: 1342.564 | AD41: 0.05 | AE41: 1452.1291 | AF41: 945532 | AG41: 52911.311 | AH41: 54604036 | AI41: 177823.5 | AJ41: 1102610 | AK41: 48816.008 | AL41: 13116.9 | AM41: 12891 | AN41: 270.62557 | AO41: 55.985 | AP41: 3.3051363 | AQ41: 54878.897 | AR41: 439 | AS41: 6500 | AT41: 13901 | AU41: 90356500 | AV41: -4596500.4 | AW41: 52911.311 | AX41: 48816.008 | AY41: 4095.3032 | AZ41: 6558 | BA41: 12054 | BB41: 12091 | BC41: 5703 | BD41: 2019 | BE41: 12054 | BF41: 1452.1291 | BG41: 800 | BH41: 800 | BI41: 12091 | BJ41: 6558 | BK41: 4847 | BL41: 1452.1291 | BM41: 4693562.8 | BN41: 5988 | BO41: 40045.666 | BP41: 689395.3 | BQ41: 729440.97 | BR41: 1102.61 | BS41: 4693562.8 | BT41: 5465218.5 | BU41: -0.0014288887 | BV41: 2019 | BW41: 800 | BX41: 40045.666 | BY41: 689395.3 | BZ41: 729440.97 | CA41: 5879.793 | CB41: 20269.37 | CC41: 4439.6 | CD41: 136000 | CE41: 350921 | CF41: 20431524 | CG41: 49.42 | CH41: 2136000 | CI41: 144 | CJ41: 4439600 | CK41: 136000 | CL41: 350921 | CM41: 945532 | CN41: -896715.99 | CO41: 1787300 | CP41: 0 | CQ41: 6400 | CR41: 81.44 | CS41: 77.67 | CT41: 511 | CU41: 94.43 | CV41: 4135 | CW41: 30005.65 | CX41: 69.81 | CY41: 81.44 | CZ41: 77.67 | DA41: 511 | DB41: 94.43 | DC41: 4135 | DD41: 30005.65 | DE41: 102.85 | DF41: 976.13 | DG41: 67.19 | DH41: 73.64 | DI41: 109.36 | DJ41: 102.85 | DK41: 976.13 | DL41: 178.372 | DM41: 2522 | DN41: 67.19 | DO41: 73.64 | DP41: 109.36
B42: 2 | C42: 835.4734 | D42: 5546 | E42: 2325 | F42: 2.3900417 | G42: 182.831 | H42: 2407.5 | I42: 49.695 | J42: 854623.05 | K42: 130 | L42: 11.615 | M42: 134 | N42: 41530.364 | O42: 835.4734 | P42: 41530.364 | Q42: 735062.03 | R42: 693531.67 | S42: 87836.54 | T42: 0.1195 | U42: 735062.03 | V42: 171167.01 | W42: 0.00313345 | X42: 54626622 | Y42: 1813.3121 | Z42: 13013.5 | AA42: 1815.03 | AB42: 1167.7145 | AC42: 1288.5965 | AD42: 0.05 | AE42: 1457.9535 | AF42: 1569748.5 | AG42: 52933.197 | AH42: 54626622 | AI42: 171167.01 | AJ42: 1167714.5 | AK42: 42934.086 | AL42: 12755.8 | AM42: 13013.5 | AN42: 272.07459 | AO42: 56.313 | AP42: 3.3052438 | AQ42: 51847.452 | AR42: 445.75 | AS42: 6700 | AT42: 14003 | AU42: 93840500 | AV42: -2275664.2 | AW42: 52933.197 | AX42: 42934.086 | AY42: 9999.1115 | AZ42: 6377.5 | BA42: 12072.5 | BB42: 12201 | BC42: 5546 | BD42: 2019 | BE42: 12072.5 | BF42: 1457.9535 | BG42: 812.5 | BH42: 812.5 | BI42: 12201 | BJ42: 6377.5 | BK42: 4815 | BL42: 1457.9535 | BM42: 4937949.2 | BN42: 5823 | BO42: 41530.364 | BP42: 693531.67 | BQ42: 735062.03 | BR42: 1167.7145 | BS42: 4937949.2 | BT42: 5079390.6 | BU42: 0.00054669265 | BV42: 2019 | BW42: 812.5 | BX42: 41530.364 | BY42: 693531.67 | BZ42: 735062.03 | CA42: 5690.981 | CB42: 22093.613 | CC42: 4759.8 | CD42: 148500 | CE42: 366973.5 | CF42: 22389950 | CG42: 49.985 | CH42: 2298000 | CI42: 141 | CJ42: 4759800 | CK42: 148500 | CL42: 366973.5 | CM42: 1569748.5 | CN42: -1526814.4 | CO42: 1564932 | CP42: 0 | CQ42: 6450 | CR42: 76.64 | CS42: 77.94 | CT42: 502.5 | CU42: 94.855 | CV42: 4002 | CW42: 30005.65 | CX42: 75.625 | CY42: 76.64 | CZ42: 77.94 | DA42: 502.5 | DB42: 94.855 | DC42: 4002 | DD42: 30005.65 | DE42: 104.665 | DF42: 976.075 | DG42: 69.94 | DH42: 73.8 | DI42: 106.105 | DJ42: 104.665 | DK42: 976.075 | DL42: 182.831 | DM42: 2407.5 | DN42: 69.94 | DO42: 73.8 | DP42: 106.105
A43: 2020 | B43: 1 | C43: 855.8508 | D43: 5389 | E43: 2400 | F43: 2.2454167 | G43: 187.29 | H43: 2293 | I43: 50.26 | J43: 815096 | K43: 127 | L43: 11.78 | M43: 133 | N43: 43015.061 | O43: 855.8508 | P43: 43015.061 | Q43: 740683.1 | R43: 697668.04 | S43: 88067.221 | T43: 0.1189 | U43: 740683.1 | V43: 164510.51 | W43: 0.0030103 | X43: 54649208 | Y43: 1432.6591 | Z43: 13136 | AA43: 3278.212 | AB43: 1232.819 | AC43: 1234.629 | AD43: 0.05 | AE43: 1463.7779 | AF43: 2193965 | AG43: 52955.083 | AH43: 54649208 | AI43: 164510.51 | AJ43: 1232819 | AK43: 37052.163 | AL43: 12394.7 | AM43: 13136 | AN43: 273.52362 | AO43: 56.641 | AP43: 3.3053514 | AQ43: 48816.008 | AR43: 452.5 | AS43: 6900 | AT43: 14105 | AU43: 97324500 | AV43: 45171.9 | AW43: 52955.083 | AX43: 37052.163 | AY43: 15902.92 | AZ43: 6197 | BA43: 12091 | BB43: 12311 | BC43: 5389 | BD43: 2020 | BE43: 12091 | BF43: 1463.7779 | BG43: 825 | BH43: 825 | BI43: 12311 | BJ43: 6197 | BK43: 4783 | BL43: 1463.7779 | BM43: 5182335.6 | BN43: 5658 | BO43: 43015.061 | BP43: 697668.04 | BQ43: 740683.1 | BR43: 1232.819 | BS43: 5182335.6 | BT43: 4693562.8 | BU43: 0.0025222739 | BV43: 2020 | BW43: 825 | BX43: 43015.061 | BY43: 697668.04 | BZ43: 740683.1 | CA43: 5502.169 | CB43: 23917.856 | CC43: 5080 | CD43: 161000 | CE43: 383026 | CF43: 24348377 | CG43: 50.55 | CH43: 2460000 | CI43: 138 | CJ43: 5080000 | CK43: 161000 | CL43: 383026 | CM43: 2193965 | CN43: -2156912.8 | CO43: 1342564 | CP43: 0 | CQ43: 6500 | CR43: 71.84 | CS43: 78.21 | CT43: 494 | CU43: 95.28 | CV43: 3869 | CW43: 30005.65 | CX43: 81.44 | CY43: 71.84 | CZ43: 78.21 | DA43: 494 | DB43: 95.28 | DC43: 3869 | DD43: 30005.65 | DE43: 106.48 | DF43: 976.02 | DG43: 72.69 | DH43: 73.96 | DI43: 102.85 | DJ43: 106.48 | DK43: 976.02 | DL43: 187.29 | DM43: 2293 | DN43: 72.69 | DO43: 73.96 | DP43: 102.85
B44: 2 | C44: 845.6621 | D44: 5467.5 | E44: 2362.5 | F44: 2.3177292 | G44: 185.0605 | H44: 2350.25 | I44: 49.9775 | J44: 834859.53 | K44: 128.5 | L44: 11.6975 | M44: 133.5 | N44: 42272.713 | O44: 845.6621 | P44: 42272.713 | Q44: 737872.57 | R44: 695599.85 | S44: 87951.881 | T44: 0.1192 | U44: 737872.57 | V44: 167838.76 | W44: 0.003071875 | X44: 54637915 | Y44: 1622.9856 | Z44: 13074.75 | AA44: 2546.621 | AB44: 1200.2668 | AC44: 1261.6128 | AD44: 0.05 | AE44: 1460.8657 | AF44: 1881856.8 | AG44: 52944.14 | AH44: 54637915 | AI44: 167838.76 | AJ44: 1200266.8 | AK44: 39993.124 | AL44: 12575.25 | AM44: 13074.75 | AN44: 272.79911 | AO44: 56.477 | AP44: 3.3052976 | AQ44: 50331.73 | AR44: 449.125 | AS44: 6800 | AT44: 14054 | AU44: 95582500 | AV44: -1115246.2 | AW44: 52944.14 | AX44: 39993.124 | AY44: 12951.016 | AZ44: 6287.25 | BA44: 12081.75 | BB44: 12256 | BC44: 5467.5 | BD44: 2020 | BE44: 12081.75 | BF44: 1460.8657 | BG44: 818.75 | BH44: 818.75 | BI44: 12256 | BJ44: 6287.25 | BK44: 4799 | BL44: 1460.8657 | BM44: 5060142.4 | BN44: 5740.5 | BO44: 42272.713 | BP44: 695599.85 | BQ44: 737872.57 | BR44: 1200.2668 | BS44: 5060142.4 | BT44: 4886476.7 | BU44: 0.0015344833 | BV44: 2020 | BW44: 818.75 | BX44: 42272.713 | BY44: 695599.85 | BZ44: 737872.57 | CA44: 5596.575 | CB44: 23005.735 | CC44: 4919.9 | CD44: 154750 | CE44: 374999.75 | CF44: 23369164 | CG44: 50.2675 | CH44: 2379000 | CI44: 139.5 | CJ44: 4919900 | CK44: 154750 | CL44: 374999.75 | CM44: 1881856.8 | CN44: -1841863.6 | CO44: 1453748 | CP44: 0 | CQ44: 6475 | CR44: 74.24 | CS44: 78.075 | CT44: 498.25 | CU44: 95.0675 | CV44: 3935.5 | CW44: 30005.65 | CX44: 78.5325 | CY44: 74.24 | CZ44: 78.075 | DA44: 498.25 | DB44: 95.0675 | DC44: 3935.5 | DD44: 30005.65 | DE44: 105.5725 | DF44: 976.0475 | DG44: 71.315 | DH44: 73.88 | DI44: 104.4775 | DJ44: 105.5725 | DK44: 976.0475 | DL44: 185.0605 | DM44: 2350.25 | DN44: 71.315 | DO44: 73.88 | DP44: 104.4775
A45: 2021 | B45: 1 | C45: 894.18411 | D45: 5546 | E45: 2325 | F45: 2.3900417 | G45: 175.30825 | H45: 2543.346 | I45: 53.76 | J45: 824184.11 | K45: 121.85621 | L45: 12.297 | M45: 134.89895 | N45: 48917.849 | O45: 920.77697 | P45: 48917.849 | Q45: 600972.16 | R45: 552054.31 | S45: 71277.442 | T45: 0.11593995 | U45: 600972.16 | V45: 179503.67 | W45: 0.0032583868 | X45: 57054918 | Y45: 1779.1903 | Z45: 12928.176 | AA45: 2678.2764 | AB45: 2354.2685 | AC45: 1153.2875 | AD45: 0.052487805 | AE45: 1440.502 | AF45: 1775415 | AG45: 53905.814 | AH45: 57054918 | AI45: 179503.67 | AJ45: 2354268.5 | AK45: 44703.19 | AL45: 14135.362 | AM45: 12928.176 | AN45: 271.92232 | AO45: 57.143455 | AP45: 3.3055552 | AQ45: 45227.262 | AR45: 344.09959 | AS45: 7386.6434 | AT45: 14357.948 | AU45: 1.003228e+08 | AV45: 2147770.1 | AW45: 53905.814 | AX45: 44703.19 | AY45: 9202.6239 | AZ45: 7029.0965 | BA45: 11843.824 | BB45: 12321.834 | BC45: 6145.8095 | BD45: 2021 | BE45: 11843.824 | BF45: 1440.502 | BG45: 606.34204 | BH45: 606.34204 | BI45: 12321.834 | BJ45: 7029.0965 | BK45: 5219.9431 | BL45: 1440.502 | BM45: 5407356 | BN45: 6452.8978 | BO45: 48917.849 | BP45: 552054.31 | BQ45: 600972.16 | BR45: 2354.2685 | BS45: 5407356 | BT45: 5190956.4 | BU45: 0.023175627 | BV45: 2021 | BW45: 606.34204 | BX45: 48917.849 | BY45: 552054.31 | BZ45: 600972.16 | CA45: 6354.4457 | CB45: 20959.959 | CC45: 4701.3049 | CD45: 129325.78 | CE45: 352711.79 | CF45: 21825926 | CG45: 54.905906 | CH45: 2370098.8 | CI45: 143.75958 | CJ45: 4701304.9 | CK45: 129325.78 | CL45: 352711.79 | CM45: 1775415 | CN45: -1730711.8 | CO45: 1208897.2 | CP45: 0 | CQ45: 7088.8153 | CR45: 69.328455 | CS45: 78.240325 | CT45: 507.0784 | CU45: 95.104907 | CV45: 4090.5203 | CW45: 37479.733 | CX45: 67.742468 | CY45: 69.328455 | CZ45: 78.240325 | DA45: 507.0784 | DB45: 95.104907 | DC45: 4090.5203 | DD45: 37479.733 | DE45: 103.5743 | DF45: 1025.4242 | DG45: 70.91705 | DH45: 74.257143 | DI45: 102.64838 | DJ45: 103.5743 | DK45: 1025.4242 | DL45: 279.30988 | DM45: 2207.0891 | DN45: 70.91705 | DO45: 74.257143 | DP45: 102.64838
B46: 2 | C46: 923.52228 | D46: 5624.5 | E46: 2287.5 | F46: 2.4623542 | G46: 165.556 | H46: 2543.417 | I46: 52.11 | J46: 804992 | K46: 120.45218 | L46: 12.590071 | M46: 135.12515 | N46: 49716.477 | O46: 933.61618 | P46: 49716.477 | Q46: 616355.42 | R46: 566638.94 | S46: 73116.755 | T46: 0.1159298 | U46: 616355.42 | V46: 182759.56 | W46: 0.003272299 | X46: 58014371 | Y46: 1801.3995 | Z46: 13099.278 | AA46: 2688.0218 | AB46: 2393.7378 | AC46: 1143.9188 | AD46: 0.052410826 | AE46: 1460.4683 | AF46: 1798729.4 | AG46: 54760.282 | AH46: 58014371 | AI46: 182759.56 | AJ46: 2393737.8 | AK46: 45192.186 | AL46: 14374.256 | AM46: 13099.278 | AN46: 273.03673 | AO46: 57.465831 | AP46: 3.3056627 | AQ46: 45758.802 | AR46: 345.68327 | AS46: 7533.9735 | AT46: 14525.766 | AU46: 1.0270176e+08 | AV46: 2175230.4 | AW46: 54760.282 | AX46: 45192.186 | AY46: 9568.0959 | AZ46: 7149.7424 | BA46: 12004.762 | BB46: 12490.764 | BC46: 6249.6766 | BD46: 2021 | BE46: 12004.762 | BF46: 1460.4683 | BG46: 608.51438 | BH46: 608.51438 | BI46: 12490.764 | BJ46: 7149.7424 | BK46: 5310.106 | BL46: 1460.4683 | BM46: 5508303.5 | BN46: 6561.9656 | BO46: 49716.477 | BP46: 566638.94 | BQ46: 616355.42 | BR46: 2393.7378 | BS46: 5508303.5 | BT46: 5290095.8 | BU46: 0.02333497 | BV46: 2021 | BW46: 608.51438 | BX46: 49716.477 | BY46: 566638.94 | BZ46: 616355.42 | CA46: 6461.9072 | CB46: 21191.334 | CC46: 4779.7336 | CD46: 132428.15 | CE46: 355254.19 | CF46: 22075707 | CG46: 55.206421 | CH46: 2415985.6 | CI46: 144.06235 | CJ46: 4779733.6 | CK46: 132428.15 | CL46: 355254.19 | CM46: 1798729.4 | CN46: -1753537.2 | CO46: 1202142.3 | CP46: 0 | CQ46: 7234.4529 | CR46: 69.633444 | CS46: 78.492372 | CT46: 507.22905 | CU46: 95.225216 | CV46: 4123.962 | CW46: 37764.948 | CX46: 68.0016 | CY46: 69.633444 | CZ46: 78.492372 | DA46: 507.22905 | DB46: 95.225216 | DC46: 4123.962 | DD46: 37764.948 | DE46: 103.66932 | DF46: 1034.7144 | DG46: 71.042799 | DH46: 74.416346 | DI46: 102.71023 | DJ46: 103.66932 | DK46: 1034.7144 | DL46: 283.45142 | DM46: 2209.648 | DN46: 71.042799 | DO46: 74.416346 | DP46: 102.71023
A47: 2022 | B47: 1 | C47: 952.86045 | D47: 5703 | E47: 2250 | F47: 2.5346667 | G47: 172.464 | H47: 2543.347 | I47: 50.33 | J47: 823522.28 | K47: 129.04816 | L47: 12.883143 | M47: 135.35135 | N47: 50515.105 | O47: 946.45539 | P47: 50515.105 | Q47: 631738.69 | R47: 581223.58 | S47: 74956.068 | T47: 0.11591964 | U47: 631738.69 | V47: 186015.46 | W47: 0.0032862112 | X47: 58973824 | Y47: 1823.6086 | Z47: 13270.38 | AA47: 2697.7673 | AB47: 2433.2072 | AC47: 1134.5501 | AD47: 0.052333847 | AE47: 1480.4346 | AF47: 1822043.7 | AG47: 55614.75 | AH47: 58973824 | AI47: 186015.46 | AJ47: 2433207.2 | AK47: 45681.182 | AL47: 14613.151 | AM47: 13270.38 | AN47: 274.15114 | AO47: 57.788206 | AP47: 3.3057701 | AQ47: 46290.342 | AR47: 347.26694 | AS47: 7681.3035 | AT47: 14693.584 | AU47: 1.0508072e+08 | AV47: 2202690.8 | AW47: 55614.75 | AX47: 45681.182 | AY47: 9933.5679 | AZ47: 7270.3882 | BA47: 12165.7 | BB47: 12659.693 | BC47: 6353.5437 | BD47: 2022 | BE47: 12165.7 | BF47: 1480.4346 | BG47: 610.68671 | BH47: 610.68671 | BI47: 12659.693 | BJ47: 7270.3882 | BK47: 5400.2689 | BL47: 1480.4346 | BM47: 5609250.9 | BN47: 6671.0334 | BO47: 50515.105 | BP47: 581223.58 | BQ47: 631738.69 | BR47: 2433.2072 | BS47: 5609250.9 | BT47: 5389235.2 | BU47: 0.023494313 | BV47: 2022 | BW47: 610.68671 | BX47: 50515.105 | BY47: 581223.58 | BZ47: 631738.69 | CA47: 6569.3686 | CB47: 21422.708 | CC47: 4858.1622 | CD47: 135530.51 | CE47: 357796.59 | CF47: 22325489 | CG47: 55.506937 | CH47: 2461872.3 | CI47: 144.36512 | CJ47: 4858162.2 | CK47: 135530.51 | CL47: 357796.59 | CM47: 1822043.7 | CN47: -1776362.6 | CO47: 1195387.4 | CP47: 0 | CQ47: 7380.0905 | CR47: 69.938433 | CS47: 78.74442 | CT47: 507.37971 | CU47: 95.345524 | CV47: 4157.4037 | CW47: 38050.162 | CX47: 68.260732 | CY47: 69.938433 | CZ47: 78.74442 | DA47: 507.37971 | DB47: 95.345524 | DC47: 4157.4037 | DD47: 38050.162 | DE47: 103.76434 | DF47: 1044.0047 | DG47: 71.168547 | DH47: 74.575548 | DI47: 102.77208 | DJ47: 103.76434 | DK47: 1044.0047 | DL47: 287.59296 | DM47: 2212.2069 | DN47: 71.168547 | DO47: 74.575548 | DP47: 102.77208
B48: 2 | C48: 982.19862 | D48: 5781.5 | E48: 2212.5 | F48: 2.6069792 | G48: 179.372 | H48: 2544.417 | I48: 50.33 | J48: 836904.3 | K48: 127.64413 | L48: 12.976214 | M48: 135.57755 | N48: 51313.732 | O48: 959.2946 | P48: 51313.732 | Q48: 647121.95 | R48: 595808.22 | S48: 76795.382 | T48: 0.11590948 | U48: 647121.95 | V48: 189271.35 | W48: 0.0033001234 | X48: 59933278 | Y48: 1845.8178 | Z48: 13441.482 | AA48: 2707.5127 | AB48: 2472.6765 | AC48: 1125.1814 | AD48: 0.052256867 | AE48: 1500.4009 | AF48: 1845358.1 | AG48: 56469.217 | AH48: 59933278 | AI48: 189271.35 | AJ48: 2472676.5 | AK48: 46170.178 | AL48: 14852.045 | AM48: 13441.482 | AN48: 275.26556 | AO48: 58.110582 | AP48: 3.3058776 | AQ48: 46821.882 | AR48: 348.85062 | AS48: 7828.6336 | AT48: 14861.402 | AU48: 1.0745968e+08 | AV48: 2230151.1 | AW48: 56469.217 | AX48: 46170.178 | AY48: 10299.04 | AZ48: 7391.0341 | BA48: 12326.638 | BB48: 12828.623 | BC48: 6457.4109 | BD48: 2022 | BE48: 12326.638 | BF48: 1500.4009 | BG48: 612.85904 | BH48: 612.85904 | BI48: 12828.623 | BJ48: 7391.0341 | BK48: 5490.4318 | BL48: 1500.4009 | BM48: 5710198.3 | BN48: 6780.1011 | BO48: 51313.732 | BP48: 595808.22 | BQ48: 647121.95 | BR48: 2472.6765 | BS48: 5710198.3 | BT48: 5488374.6 | BU48: 0.023653657 | BV48: 2022 | BW48: 612.85904 | BX48: 51313.732 | BY48: 595808.22 | BZ48: 647121.95 | CA48: 6676.8301 | CB48: 21654.083 | CC48: 4936.5908 | CD48: 138632.87 | CE48: 360338.99 | CF48: 22575270 | CG48: 55.807453 | CH48: 2507759 | CI48: 144.6679 | CJ48: 4936590.8 | CK48: 138632.87 | CL48: 360338.99 | CM48: 1845358.1 | CN48: -1799187.9 | CO48: 1188632.5 | CP48: 0 | CQ48: 7525.7281 | CR48: 70.243422 | CS48: 78.996467 | CT48: 507.53037 | CU48: 95.465833 | CV48: 4190.8454 | CW48: 38335.376 | CX48: 68.519864 | CY48: 70.243422 | CZ48: 78.996467 | DA48: 507.53037 | DB48: 95.465833 | DC48: 4190.8454 | DD48: 38335.376 | DE48: 103.85936 | DF48: 1053.2949 | DG48: 71.294296 | DH48: 74.734751 | DI48: 102.83394 | DJ48: 103.85936 | DK48: 1053.2949 | DL48: 291.7345 | DM48: 2214.7658 | DN48: 71.294296 | DO48: 74.734751 | DP48: 102.83394

Sheet Persamaan NI 1
C1: EXBI | E1: TPBI | F1: BSPI | G1: TPBI_BSPI | H1: STBI | I1: IMBI | J1: KOBI | K1: STBIt-1 | L1: KOBI_STBI
O2: Aktual | P2: Prediksi
A3: 2000 | B3: 1 | C3: 758726 | E3: 19702.957 | F3: 47287.097 | G3: -27584.14 | H3: 922.227 | I3: 1171.665 | J3: 27275.254 | K3: 912947 | L3: -885671.75 | O3: 758726 | P3: 845542.43 | Q3: -86816.428
B4: 2 | C4: 764503 | D4: 0.0076140794 | E4: 20124.136 | F4: 51363.287 | G4: -31239.151 | H4: 942.443 | I4: 1204.452 | J4: 27553.573 | K4: 0 | L4: 27553.573 | O4: 764503 | P4: 557727.34 | Q4: 206775.66
A5: 2001 | B5: 1 | C5: 770280 | D5: 0.0075565433 | E5: 20545.315 | F5: 55051.755 | G5: -34506.44 | H5: 962.659 | I5: 1237.239 | J5: 27831.892 | K5: 922227 | L5: -894395.11 | O5: 770280 | P5: 905192.35 | Q5: -134912.35
B6: 2 | C6: 778140 | D6: 0.010204082 | E6: 21283.008 | F6: 63589.193 | G6: -42306.185 | H6: 968.505 | I6: 1271.861 | J6: 28058.167 | K6: 942443 | L6: -914384.83 | O6: 778140 | P6: 942071.07 | Q6: -163931.07
A7: 2002 | B7: 1 | C7: 786000 | D7: 0.01010101 | E7: 22020.702 | F7: 69856.301 | G7: -47835.599 | H7: 974.351 | I7: 1306.483 | J7: 28284.443 | K7: 962659 | L7: -934374.56 | O7: 786000 | P7: 969792.75 | Q7: -183792.75
B8: 2 | C8: 795252 | D8: 0.011770992 | E8: 22786.127 | F8: 76805.911 | G8: -54019.784 | H8: 977.785 | I8: 1343.0425 | J8: 28441.738 | K8: 968505 | L8: -940063.26 | O8: 795252 | P8: 992161.74 | Q8: -196909.74
A9: 2003 | B9: 1 | C9: 804504 | D9: 0.011634048 | E9: 23551.553 | F9: 84257.043 | G9: -60705.49 | H9: 981.219 | I9: 1379.602 | J9: 28599.033 | K9: 974351 | L9: -945751.97 | O9: 804504 | P9: 1016553.5 | Q9: -212049.54
B10: 2 | C10: 844287 | D10: 0.049450345 | E10: 24250.116 | F10: 89349.993 | G10: -65099.877 | H10: 986.175 | I10: 1418.2075 | J10: 28802.069 | K10: 977785 | L10: -948982.93 | O10: 844287 | P10: 1032026.4 | Q10: -187739.45
A11: 2004 | B11: 1 | C11: 884070 | D11: 0.047120233 | E11: 24948.679 | F11: 94251.048 | G11: -69302.369 | H11: 991.131 | I11: 1456.813 | J11: 29005.104 | K11: 981219 | L11: -952213.9 | O11: 884070 | P11: 1046725.4 | Q11: -162655.38
B12: 2 | C12: 890801.5 | D12: 0.0076142161 | E12: 25716.738 | F12: 102843.45 | G12: -77126.714 | H12: 995.1275 | I12: 1497.579 | J12: 29151.594 | K12: 986175 | L12: -957023.41 | O12: 890801.5 | P12: 1075061.3 | Q12: -184259.83
A13: 2005 | B13: 1 | C13: 897533 | D13: 0.0075566779 | E13: 26484.797 | F13: 106573.53 | G13: -80088.73 | H13: 999.124 | I13: 1538.345 | J13: 29298.085 | K13: 991131 | L13: -961832.92 | O13: 897533 | P13: 1083785.8 | Q13: -186252.81
B14: 2 | C14: 911412.5 | D14: 0.015464055 | E14: 27285.239 | F14: 115436.92 | G14: -88151.679 | H14: 1001.634 | I14: 1581.3925 | J14: 29536.281 | K14: 995127.5 | L14: -965591.22 | O14: 911412.5 | P14: 1110606.3 | Q14: -199193.81
A15: 2006 | B15: 1 | C15: 925292 | D15: 0.01522856 | E15: 28085.681 | F15: 118896.47 | G15: -90810.793 | H15: 1004.144 | I15: 1624.44 | J15: 29774.477 | K15: 999124 | L15: -969349.52 | O15: 925292 | P15: 1115631.3 | Q15: -190339.26
B16: 2 | C16: 940586 | D16: 0.016528836 | E16: 28934.506 | F16: 116439.28 | G16: -87504.778 | H16: 1007.6835 | I16: 1669.897 | J16: 30016.546 | K16: 1001634 | L16: -971617.45 | O16: 940586 | P16: 1096643.6 | Q16: -156057.63
A17: 2007 | B17: 1 | C17: 955880 | D17: 0.016260076 | E17: 29783.331 | F17: 112631.21 | G17: -82847.88 | H17: 1011.223 | I17: 1715.354 | J17: 30258.615 | K17: 1004144 | L17: -973885.39 | O17: 955880 | P17: 1072207.4 | Q17: -116327.41
B18: 2 | C18: 968638.5 | D18: 0.013347387 | E18: 30600.174 | F18: 122396.55 | G18: -91796.373 | H18: 1011.729 | I18: 1763.355 | J18: 30442.372 | K18: 1007683.5 | L18: -977241.13 | O18: 968638.5 | P18: 1099188 | Q18: -130549.5
A19: 2008 | B19: 1 | C19: 981397 | D19: 0.013171581 | E19: 31417.016 | F19: 142247.11 | G19: -110830.1 | H19: 1012.235 | I19: 1811.356 | J19: 30626.128 | K19: 1011223 | L19: -980596.87 | O19: 981397 | P19: 1166845.8 | Q19: -185448.84
B20: 2 | C20: 1006138 | D20: 0.025209981 | E20: 32296.161 | F20: 175404.6 | G20: -143108.44 | H20: 1013.2495 | I20: 1862.0435 | J20: 30890.952 | K20: 1011729 | L20: -980838.05 | O20: 1006138 | P20: 1286784.3 | Q20: -280646.33
A21: 2009 | B21: 1 | C21: 1030879 | D21: 0.024590066 | E21: 33175.307 | F21: 181556.21 | G21: -148380.9 | H21: 1014.264 | I21: 1912.731 | J21: 31155.776 | K21: 1012235 | L21: -981079.22 | O21: 1030879 | P21: 1297798.7 | Q21: -266919.67
B22: 2 | C22: 1046820.5 | D22: 0.015463988 | E22: 33776.932 | F22: 177823.5 | G22: -144046.57 | H22: 1017.839 | I22: 1966.255 | J22: 31329.039 | K22: 1013249.5 | L22: -981920.46 | O22: 1046820.5 | P22: 1272388.1 | Q22: -225567.6
A23: 2010 | B23: 1 | C23: 1062762 | D23: 0.015228494 | E23: 34378.557 | F23: 164510.51 | G23: -130131.95 | H23: 1021.414 | I23: 2019.779 | J23: 31502.302 | K23: 1014264 | L23: -982761.7 | O23: 1062762 | P23: 1208336.9 | Q23: -145574.86
B24: 2 | C24: 1069761 | D24: 0.0065856702 | E24: 35226.297 | F24: 179799.57 | G24: -144573.27 | H24: 1027.617 | I24: 2076.299 | J24: 31840.172 | K24: 1017839 | L24: -985998.83 | O24: 1069761 | P24: 1261637.5 | Q24: -191876.49
A25: 2011 | B25: 1 | C25: 1076760 | D25: 0.0065425829 | E25: 36074.037 | F25: 186324.33 | G25: -150250.29 | H25: 1033.82 | I25: 2132.819 | J25: 32178.041 | K25: 1021414 | L25: -989235.96 | O25: 1076760 | P25: 1279588.7 | Q25: -202828.66
B26: 2 | C26: 2201241 | D26: 1.0443191 | E26: 36614.592 | F26: 192849.09 | G26: -156234.5 | H26: 1677.2985 | I26: 1809.223 | J26: 30802.459 | K26: 1027617 | L26: -996814.54 | O26: 2201241 | P26: 2071361.5 | Q26: 129879.49
A27: 2012 | B27: 1 | C27: 3325722 | D27: 0.51083957 | E27: 37155.148 | F27: 199373.85 | G27: -162218.7 | H27: 2320.777 | I27: 1485.627 | J27: 29426.877 | K27: 1033820 | L27: -1004393.1 | O27: 3325722 | P27: 2863134.4 | Q27: 462587.63
B28: 2 | C28: 3305074.5 | D28: -0.0062084263 | E28: 37213.823 | F28: 205898.61 | G28: -168684.79 | H28: 2215.1265 | I28: 897.177 | J28: 30069.708 | K28: 1677298.5 | L28: -1647228.8 | O28: 3305074.5 | P28: 3131315.1 | Q28: 173759.39
A29: 2013 | B29: 1 | C29: 3284427 | D29: -0.0062472117 | E29: 37272.498 | F29: 212423.38 | G29: -175150.88 | H29: 2109.476 | I29: 308.727 | J29: 30712.538 | K29: 2320777 | L29: -2290064.5 | O29: 3284427 | P29: 3399495.9 | Q29: -115068.85
B30: 2 | C30: 2743681 | D30: -0.16463937 | E30: 36791.446 | F30: 218948.14 | G30: -182156.69 | H30: 1864.6535 | I30: 291.862 | J30: 32077.205 | K30: 2215126.5 | L30: -2183049.3 | O30: 2743681 | P30: 3131111.6 | Q30: -387430.65
A31: 2014 | B31: 1 | C31: 2202935 | D31: -0.19708778 | E31: 36310.394 | F31: 225472.9 | G31: -189162.5 | H31: 1619.831 | I31: 274.997 | J31: 33441.872 | K31: 2109476 | L31: -2076034.1 | O31: 2202935 | P31: 2862727.4 | Q31: -659792.44
B32: 2 | C32: 2030705 | D32: -0.078182062 | E32: 38379.346 | F32: 231997.66 | G32: -193618.31 | H32: 1619.8305 | I32: 460.042 | J32: 34821.549 | K32: 1864653.5 | L32: -1829832 | O32: 2030705 | P32: 2753548 | Q32: -722842.99
A33: 2015 | B33: 1 | C33: 1858475 | D33: -0.08481291 | E33: 40448.297 | F33: 238522.42 | G33: -198074.12 | H33: 1619.83 | I33: 645.087 | J33: 36201.225 | K33: 1619831 | L33: -1583629.8 | O33: 1858475 | P33: 2644368.5 | Q33: -785893.53
B34: 2 | C34: 2351914 | D34: 0.26550747 | E34: 43815.616 | F34: 245047.18 | G34: -201231.57 | H34: 1472.271 | I34: 596.841 | J34: 37629.629 | K34: 1619830.5 | L34: -1582200.9 | O34: 2351914 | P34: 2508784 | Q34: -156869.95
A35: 2016 | B35: 1 | C35: 2845353 | D35: 0.20980316 | E35: 47182.935 | F35: 251571.94 | G35: -204389.01 | H35: 1324.712 | I35: 548.595 | J35: 39058.033 | K35: 1619830 | L35: -1580772 | O35: 2845353 | P35: 2373199.4 | Q35: 472153.63
B36: 2 | C36: 3085537.5 | D36: 0.084412901 | E36: 53210.616 | F36: 258096.71 | G36: -204886.09 | H36: 1471.453 | I36: 1017.111 | J36: 43875.957 | K36: 1472271 | L36: -1428395 | O36: 3085537.5 | P36: 2374531.7 | Q36: 711005.8
A37: 2017 | B37: 1 | C37: 3325722 | D37: 0.077842029 | E37: 59238.297 | F37: 264621.47 | G37: -205383.17 | H37: 1618.194 | I37: 1485.627 | J37: 48693.88 | K37: 1324712 | L37: -1276018.1 | O37: 3325722 | P37: 2375864 | Q37: 949857.97
B38: 2 | C38: 2365280.5 | D38: -0.28879188 | E38: 59219.417 | F38: 271146.23 | G38: -211926.81 | H38: 1281.863 | I38: 1636.4635 | J38: 51786.389 | K38: 1471453 | L38: -1419666.6 | O38: 2365280.5 | P38: 2056380.2 | Q38: 308900.33
A39: 2018 | B39: 1 | C39: 1404839 | D39: -0.40605818 | E39: 59200.537 | F39: 277670.99 | G39: -218470.45 | H39: 945.532 | I39: 1787.3 | J39: 54878.897 | K39: 1618194 | L39: -1563315.1 | O39: 1404839 | P39: 1736896.3 | Q39: -332057.31
B40: 2 | C40: 1253724.5 | D40: -0.10756713 | E40: 56902.287 | F40: 284195.75 | G40: -227293.47 | H40: 1569.7485 | I40: 1564.932 | J40: 51847.452 | K40: 1281863 | L40: -1230015.5 | O40: 1253724.5 | P40: 2378291.8 | Q40: -1124567.3
A41: 2019 | B41: 1 | C41: 1102610 | D41: -0.12053246 | E41: 54604.036 | F41: 290720.51 | G41: -236116.48 | H41: 2193.965 | I41: 1342.564 | J41: 48816.008 | K41: 945532 | L41: -896715.99 | O41: 1102610 | P41: 3019687.3 | Q41: -1917077.3
B42: 2 | C42: 1167714.5 | D42: 0.059045809 | E42: 54626.622 | F42: 297245.28 | G42: -242618.65 | H42: 1813.3121 | I42: 1288.5965 | J42: 42934.086 | K42: 1569748.5 | L42: -1526814.4 | O42: 1167714.5 | P42: 2867343.9 | Q42: -1699629.4
A43: 2020 | B43: 1 | C43: 1232819 | D43: 0.055753782 | E43: 54649.208 | F43: 303770.04 | G43: -249120.83 | H43: 1432.6591 | I43: 1234.629 | J43: 37052.163 | K43: 2193965 | L43: -2156912.8 | O43: 1232819 | P43: 2715000.5 | Q43: -1482181.5
B44: 2 | C44: 1200266.8 | D44: -0.026404728 | E44: 54637.915 | F44: 310294.8 | G44: -255656.88 | H44: 1622.9856 | I44: 1261.6128 | J44: 39993.124 | K44: 1813312.1 | L44: -1773318.9 | O44: 1200266.8 | P44: 2806860.7 | Q44: -1606594
A45: 2021 | B45: 1 | C45: 2354268.5 | D45: 0.9614544 | E45: 57054.918 | F45: 316819.56 | G45: -259764.64 | H45: 1779.1903 | I45: 1153.2875 | J45: 44703.19 | K45: 1432659.1 | L45: -1387956 | O45: 2354268.5 | P45: 2882116.7 | Q45: -527848.2
B46: 2 | C46: 2393737.8 | D46: 0.016765012 | E46: 58014.371 | F46: 323344.32 | G46: -265329.95 | H46: 1801.3995 | I46: 1143.9188 | J46: 45192.186 | K46: 1622985.6 | L46: -1577793.4 | O46: 2393737.8 | P46: 2996439 | Q46: -602701.15
A47: 2022 | B47: 1 | C47: 2433207.2 | D47: 0.01648858 | E47: 58973.824 | F47: 329869.08 | G47: -270895.26 | H47: 1823.6086 | I47: 1134.5501 | J47: 45681.182 | K47: 1779190.3 | L47: -1733509.1 | O47: 2433207.2 | P47: 3098920.3 | Q47: -665713.12
B48: 2 | C48: 2472676.5 | D48: 0.016221117 | E48: 59933.278 | F48: 336393.85 | G48: -276460.57 | H48: 1845.8178 | I48: 1125.1814 | J48: 46170.178 | K48: 1801399.5 | L48: -1755229.3 | O48: 2472676.5 | P48: 3154902.3 | Q48: -682225.83
A49: 2023 | C49: 2512145.9 | D49: 0.015962192
A50: 2024 | C50: 2551615.2 | D50: 0.015711404 | Q50: -3389168.6
A51: 2025 | C51: 2591084.5 | D51: 0.015468374 | Q51: -161388.98 | R51: 161388.98
A52: 2026 | C52: 2630553.9 | D52: 0.015232748 | Q52: 401.73247
A53: 2027 | C53: 2670023.2 | D53: 0.015004193 | G53: Koefisien
D54: 0.045270864 | G54: TPBI_BSPI | H54: -4.03335
G55: STBI | H55: 1075.499
G56: IMBI | H56: -225.4232
G57: KOBI_STBI | H57: -0.347021
G59: Konstanta | H59: -300794.5

Sheet Eq NI 1
A1: Time | B1: Ex-Ante | C1: Ex-Post
A2: 2000 | B2: ='Persamaan NI 1'!C3 -> 758726 | C2: ='Persamaan NI 1'!P3 -> 845542.43
A3: 2000 | B3: ='Persamaan NI 1'!C4 -> 764503 | C3: ='Persamaan NI 1'!P4 -> 557727.34
A4: 2001 | B4: ='Persamaan NI 1'!C5 -> 770280 | C4: ='Persamaan NI 1'!P5 -> 905192.35
A5: 2001 | B5: ='Persamaan NI 1'!C6 -> 778140 | C5: ='Persamaan NI 1'!P6 -> 942071.07
A6: 2002 | B6: ='Persamaan NI 1'!C7 -> 786000 | C6: ='Persamaan NI 1'!P7 -> 969792.75
A7: 2002 | B7: ='Persamaan NI 1'!C8 -> 795252 | C7: ='Persamaan NI 1'!P8 -> 992161.74
A8: 2003 | B8: ='Persamaan NI 1'!C9 -> 804504 | C8: ='Persamaan NI 1'!P9 -> 1016553.5
A9: 2003 | B9: ='Persamaan NI 1'!C10 -> 844287 | C9: ='Persamaan NI 1'!P10 -> 1032026.4
A10: 2004 | B10: ='Persamaan NI 1'!C11 -> 884070 | C10: ='Persamaan NI 1'!P11 -> 1046725.4
A11: 2004 | B11: ='Persamaan NI 1'!C12 -> 890801.5 | C11: ='Persamaan NI 1'!P12 -> 1075061.3
A12: 2005 | B12: ='Persamaan NI 1'!C13 -> 897533 | C12: ='Persamaan NI 1'!P13 -> 1083785.8
A13: 2005 | B13: ='Persamaan NI 1'!C14 -> 911412.5 | C13: ='Persamaan NI 1'!P14 -> 1110606.3
... A47: 2022 | B47: ='Persamaan NI 1'!C48 -> 2472676.5 | C47: ='Persamaan NI 1'!P48 -> 3154902.3
A48: 2023 | B48: ='Persamaan NI 1'!C49 -> 2512145.9
A49: 2024 | B49: ='Persamaan NI 1'!C50 -> 2551615.2
A50: 2025 | B50: ='Persamaan NI 1'!C51 -> 2591084.5
A51: 2026 | B51: ='Persamaan NI 1'!C52 -> 2630553.9
A52: 2027 | B52: ='Persamaan NI 1'!C53 -> 2670023.2

Sheet Persamaan NI 2
C1: IMBI | E1: HBDI | F1: HIMI*ECRI | H1: HIMI*ECRI | I1: STBI | J1: TPBI | K1: INRG | L1: T | M1: IMBIt-1
F2: HIMI | G2: ECRI | P2: Aktual | Q2: Prediksi
A3: 2000 | B3: 1 | C3: 1171.665 | E3: 7081 | F3: 1500 | G3: 8719 | H3: 13078500 | I3: 922.227 | J3: 19702.957 | K3: 0.058 | L3: 2000 | M3: 1147060 | P3: 1171.665 | Q3: -4.4211513e+08 | R3: 4.421163e+08
B4: 2 | C4: 1204.452 | D4: 0.027983255 | E4: 7132 | F4: 1600 | G4: 8719 | H4: 13950400 | I4: 942.443 | J4: 20124.136 | K4: 0.056 | L4: 2000 | M4: 1159362.5 | P4: 1204.452 | Q4: -8682532 | R4: 8683736.5
A5: 2001 | B5: 1 | C5: 1237.239 | D5: 0.027221508 | E5: 7183 | F5: 1700 | G5: 8719 | H5: 14822300 | I5: 962.659 | J5: 20545.315 | K5: 0.054 | L5: 2001 | M5: 1171665 | P5: 1237.239 | Q5: 4.0128859e+08 | R5: -4.0128736e+08
B6: 2 | C6: 1271.861 | D6: 0.027983276 | E6: 7184.5 | F6: 1750 | G6: 8719 | H6: 15258250 | I6: 968.505 | J6: 21283.008 | K6: 0.0535 | L6: 2001 | M6: 1204452 | P6: 1271.861 | Q6: -3.4237783e+11 | R6: 3.4237783e+11
A7: 2002 | B7: 1 | C7: 1306.483 | D7: 0.027221528 | E7: 7186 | F7: 1800 | G7: 8719 | H7: 15694200 | I7: 974.351 | J7: 22020.702 | K7: 0.053 | L7: 2002 | M7: 1237239 | P7: 1306.483 | Q7: 3.021966e+09 | R7: -3.0219647e+09
B8: 2 | C8: 1343.0425 | D8: 0.027983143 | E8: 7238.5 | F8: 1900 | G8: 8719 | H8: 16566100 | I8: 977.785 | J8: 22786.127 | K8: 0.054 | L8: 2002 | M8: 1271861 | P8: 1343.0425 | Q8: 6139.9201 | R8: -4796.8776
A9: 2003 | B9: 1 | C9: 1379.602 | D9: 0.027221402 | E9: 7291 | F9: 2000 | G9: 8719 | H9: 17438000 | I9: 981.219 | J9: 23551.553 | K9: 0.055 | L9: 2003 | M9: 1306483 | P9: 1379.602 | Q9: 2.073677e+08 | R9: -2.0736632e+08
B10: 2 | C10: 1418.2075 | D10: 0.02798307 | E10: 7294 | F10: 2150 | G10: 8719 | H10: 18745850 | I10: 986.175 | J10: 24250.116 | K10: 0.054 | L10: 2003 | M10: 1343042.5 | P10: 1418.2075 | Q10: 3.9617479e+12 | R10: -3.9617479e+12
A11: 2004 | B11: 1 | C11: 1456.813 | D11: 0.027221334 | E11: 7297 | F11: 2300 | G11: 8719 | H11: 20053700 | I11: 991.131 | J11: 24948.679 | K11: 0.053 | L11: 2004 | M11: 1379602 | P11: 1456.813 | Q11: -3127.2072 | R11: 4584.0202
B12: 2 | C12: 1497.579 | D12: 0.027983001 | E12: 7301.5 | F12: 2400 | G12: 8719 | H12: 20925600 | I12: 995.1275 | J12: 25716.738 | K12: 0.055 | L12: 2004 | M12: 1418207.5 | P12: 1497.579 | Q12: -3128.4222 | R12: 4626.0012
A13: 2005 | B13: 1 | C13: 1538.345 | D13: 0.027221268 | E13: 7306 | F13: 2500 | G13: 8719 | H13: 21797500 | I13: 999.124 | J13: 26484.797 | K13: 0.057 | L13: 2005 | M13: 1456813 | P13: 1538.345 | Q13: -3129.6372 | R13: 4667.9822
B14: 2 | C14: 1581.3925 | D14: 0.027982995 | E14: 7360.5 | F14: 2700 | G14: 8719 | H14: 23541300 | I14: 1001.634 | J14: 27285.239 | K14: 0.0565 | L14: 2005 | M14: 1497579 | P14: 1581.3925 | Q14: -3152.418 | R14: 4733.8105
A15: 2006 | B15: 1 | C15: 1624.44 | D15: 0.027221262 | E15: 7415 | F15: 2900 | G15: 8719 | H15: 25285100 | I15: 1004.144 | J15: 28085.681 | K15: 0.056 | L15: 2006 | M15: 1538345 | P15: 1624.44 | Q15: -3175.1988 | R15: 4799.6388
B16: 2 | C16: 1669.897 | D16: 0.027983182 | E16: 7471 | F16: 2950 | G16: 8719 | H16: 25721050 | I16: 1007.6835 | J16: 28934.506 | K16: 0.055 | L16: 2006 | M16: 1581392.5 | P16: 1669.897 | Q16: -3198.5847 | R16: 4868.4817
A17: 2007 | B17: 1 | C17: 1715.354 | D17: 0.027221439 | E17: 7527 | F17: 3000 | G17: 8719 | H17: 26157000 | I17: 1011.223 | J17: 29783.331 | K17: 0.054 | L17: 2007 | M17: 1624440 | P17: 1715.354 | Q17: -3221.9706 | R17: 4937.3246
B18: 2 | C18: 1763.355 | D18: 0.027983145 | E18: 7533.5 | F18: 3250 | G18: 8719 | H18: 28336750 | I18: 1011.729 | J18: 30600.174 | K18: 0.0565 | L18: 2007 | M18: 1669897 | P18: 1763.355 | Q18: -3223.9203 | R18: 4987.2753
A19: 2008 | B19: 1 | C19: 1811.356 | D19: 0.027221405 | E19: 7540 | F19: 3500 | G19: 8719 | H19: 30516500 | I19: 1012.235 | J19: 31417.016 | K19: 0.059 | L19: 2008 | M19: 1715354 | P19: 1811.356 | Q19: -3225.8701 | R19: 5037.2261
B20: 2 | C20: 1862.0435 | D20: 0.027983179 | E20: 7597.5 | F20: 3650 | G20: 8719 | H20: 31824350 | I20: 1013.2495 | J20: 32296.161 | K20: 0.058 | L20: 2008 | M20: 1763355 | P20: 1862.0435 | Q20: -3249.8106 | R20: 5111.8541
A21: 2009 | B21: 1 | C21: 1912.731 | D21: 0.027221437 | E21: 7655 | F21: 3800 | G21: 8719 | H21: 33132200 | I21: 1014.264 | J21: 33175.307 | K21: 0.057 | L21: 2009 | M21: 1811356 | P21: 1912.731 | Q21: -3273.7511 | R21: 5186.4821
B22: 2 | C22: 1966.255 | D22: 0.027983025 | E22: 7913 | F22: 3900 | G22: 8719 | H22: 34004100 | I22: 1017.839 | J22: 33776.932 | K22: 0.054 | L22: 2009 | M22: 1862043.5 | P22: 1966.255 | Q22: -3384.2836 | R22: 5350.5386
A23: 2010 | B23: 1 | C23: 2019.779 | D23: 0.027221291 | E23: 8171 | F23: 4000 | G23: 8719 | H23: 34876000 | I23: 1021.414 | J23: 34378.557 | K23: 0.051 | L23: 2010 | M23: 1912731 | P23: 2019.779 | Q23: -3494.8162 | R23: 5514.5952
B24: 2 | C24: 2076.299 | D24: 0.02798326 | E24: 8230.5 | F24: 4150 | G24: 8719 | H24: 36183850 | I24: 1027.617 | J24: 35226.297 | K24: 0.0515 | L24: 2010 | M24: 1966255 | P24: 2076.299 | Q24: -3519.5166 | R24: 5595.8156
A25: 2011 | B25: 1 | C25: 2132.819 | D25: 0.027221513 | E25: 8290 | F25: 4300 | G25: 8719 | H25: 37491700 | I25: 1033.82 | J25: 36074.037 | K25: 0.052 | L25: 2011 | M25: 2019779 | P25: 2132.819 | Q25: -3544.2169 | R25: 5677.0359
B26: 2 | C26: 1809.223 | D26: -0.1517222 | E26: 8566.5 | F26: 4350 | G26: 8719 | H26: 37927650 | I26: 1677.2985 | J26: 36614.592 | K26: 0.052 | L26: 2011 | M26: 2076299 | P26: 1809.223 | Q26: -3662.6338 | R26: 5471.8568
A27: 2012 | B27: 1 | C27: 1485.627 | D27: -0.1788591 | E27: 8843 | F27: 4400 | G27: 8719 | H27: 38363600 | I27: 2320.777 | J27: 37155.148 | K27: 0.052 | L27: 2012 | M27: 2132819 | P27: 1485.627 | Q27: -3781.0506 | R27: 5266.6776
B28: 2 | C28: 897.177 | D28: -0.39609539 | E28: 9117 | F28: 4600 | G28: 8719 | H28: 40107400 | I28: 2215.1265 | J28: 37213.823 | K28: 0.0525 | L28: 2012 | M28: 1809223 | P28: 897.177 | Q28: -3905.5713 | R28: 4802.7483
A29: 2013 | B29: 1 | C29: 308.727 | D29: -0.65589064 | E29: 9391 | F29: 4800 | G29: 8719 | H29: 41851200 | I29: 2109.476 | J29: 37272.498 | K29: 0.053 | L29: 2013 | M29: 1485627 | P29: 308.727 | Q29: -4030.092 | R29: 4338.819
B30: 2 | C30: 291.862 | D30: -0.054627551 | E30: 9749.5 | F30: 5250 | G30: 8719 | H30: 45774750 | I30: 1864.6535 | J30: 36791.446 | K30: 0.0545 | L30: 2013 | M30: 897177 | P30: 291.862 | Q30: -4196.1337 | R30: 4487.9957
A31: 2014 | B31: 1 | C31: 274.997 | D31: -0.057784158 | E31: 10108 | F31: 5700 | G31: 8719 | H31: 49698300 | I31: 1619.831 | J31: 36310.394 | K31: 0.056 | L31: 2014 | M31: 308727 | P31: 274.997 | Q31: -4362.1754 | R31: 4637.1724
B32: 2 | C32: 460.042 | D32: 0.67289825 | E32: 10751.5 | F32: 6250 | G32: 8719 | H32: 54493750 | I32: 1619.8305 | J32: 38379.346 | K32: 0.055 | L32: 2014 | M32: 291862 | P32: 460.042 | Q32: -4640.5724 | R32: 5100.6144
A33: 2015 | B33: 1 | C33: 645.087 | D33: 0.40223501 | E33: 11395 | F33: 6800 | G33: 8719 | H33: 59289200 | I33: 1619.83 | J33: 40448.297 | K33: 0.054 | L33: 2015 | M33: 274997 | P33: 645.087 | Q33: -4918.9694 | R33: 5564.0564
B34: 2 | C34: 596.841 | D34: -0.074789912 | E34: 11728 | F34: 6500 | G34: 8719 | H34: 56673500 | I34: 1472.271 | J34: 43815.616 | K34: 0.052 | L34: 2015 | M34: 460042 | P34: 596.841 | Q34: -5059.3727 | R34: 5656.2137
A35: 2016 | B35: 1 | C35: 548.595 | D35: -0.080835599 | E35: 12061 | F35: 6200 | G35: 8719 | H35: 54057800 | I35: 1324.712 | J35: 47182.935 | K35: 0.05 | L35: 2016 | M35: 645087 | P35: 548.595 | Q35: -5199.7759 | R35: 5748.3709
B36: 2 | C36: 1017.111 | D36: 0.85402893 | E36: 12123 | F36: 6250 | G36: 8719 | H36: 54493750 | I36: 1471.453 | J36: 53210.616 | K36: 0.054 | L36: 2016 | M36: 596841 | P36: 1017.111 | Q36: -5227.4801 | R36: 6244.5911
A37: 2017 | B37: 1 | C37: 1485.627 | D37: 0.46063409 | E37: 12185 | F37: 6300 | G37: 8719 | H37: 54929700 | I37: 1618.194 | J37: 59238.297 | K37: 0.058 | L37: 2017 | M37: 548595 | P37: 1485.627 | Q37: -5255.1843 | R37: 6740.8113
B38: 2 | C38: 1636.4635 | D38: 0.10153053 | E38: 12494.5 | F38: 6350 | G38: 8719 | H38: 55365650 | I38: 1281.863 | J38: 59219.417 | K38: 0.0575 | L38: 2017 | M38: 1017111 | P38: 1636.4635 | Q38: -5380.0748 | R38: 7016.5383
A39: 2018 | B39: 1 | C39: 1787.3 | D39: 0.092172236 | E39: 12804 | F39: 6400 | G39: 8719 | H39: 55801600 | I39: 945.532 | J39: 59200.537 | K39: 0.057 | L39: 2018 | M39: 1485627 | P39: 1787.3 | Q39: -5504.9653 | R39: 7292.2653
B40: 2 | C40: 1564.932 | D40: -0.1244156 | E40: 12847.5 | F40: 6450 | G40: 8719 | H40: 56237550 | I40: 1569.7485 | J40: 56902.287 | K40: 0.0535 | L40: 2018 | M40: 1636463.5 | P40: 1564.932 | Q40: -5520.9123 | R40: 7085.8443
A41: 2019 | B41: 1 | C41: 1342.564 | D41: -0.14209435 | E41: 12891 | F41: 6500 | G41: 8719 | H41: 56673500 | I41: 2193.965 | J41: 54604.036 | K41: 0.05 | L41: 2019 | M41: 1787300 | P41: 1342.564 | Q41: -5536.8593 | R41: 6879.4233
B42: 2 | C42: 1288.5965 | D42: -0.040197339 | E42: 13013.5 | F42: 6700 | G42: 8719 | H42: 58417300 | I42: 1813.3121 | J42: 54626.622 | K42: 0.05 | L42: 2019 | M42: 1564932 | P42: 1288.5965 | Q42: -5593.9985 | R42: 6882.595
A43: 2020 | B43: 1 | C43: 1234.629 | D43: -0.041880837 | E43: 13136 | F43: 6900 | G43: 8719 | H43: 60161100 | I43: 1432.6591 | J43: 54649.208 | K43: 0.05 | L43: 2020 | M43: 1342564 | P43: 1234.629 | Q43: -5651.1377 | R43: 6885.7667
B44: 2 | C44: 1261.6128 | D44: 0.021855756 | E44: 13074.75 | F44: 4200 | G44: 8719 | H44: 36619800 | I44: 1622.9856 | J44: 54637.915 | K44: 0.05 | L44: 2020 | M44: 1288596.5 | P44: 1261.6128 | Q44: -5625.6895 | R44: 6887.3022
A45: 2021 | B45: 1 | C45: 1153.2875 | D45: -0.08586251 | E45: 12928.176 | F45: 7139.0244 | G45: 8719 | H45: 62245154 | I45: 1779.1903 | J45: 57054.918 | K45: 0.052487805 | L45: 2021 | M45: 1234629 | P45: 1153.2875 | Q45: -5563.3698 | R45: 6716.6573
B46: 2 | C46: 1143.9188 | D46: -0.0081234847 | E46: 13099.278 | F46: 7277.7166 | G46: 8719 | H46: 63454411 | I46: 1801.3995 | J46: 58014.371 | K46: 0.052410826 | L46: 2021 | M46: 1261612.8 | P46: 1143.9188 | Q46: -5636.7988 | R46: 6780.7176
A47: 2022 | B47: 1 | C47: 1134.5501 | D47: -0.0081900161 | E47: 13270.38 | F47: 7416.4087 | G47: 8719 | H47: 64663668 | I47: 1823.6086 | J47: 58973.824 | K47: 0.052333847 | L47: 2022 | M47: 1153287.5 | P47: 1134.5501 | Q47: -5712.7852 | R47: 6847.3353
B48: 2 | C48: 1125.1814 | D48: -0.0082576464 | E48: 13441.482 | F48: 7555.1009 | G48: 8719 | H48: 65872925 | I48: 1845.8178 | J48: 59933.278 | K48: 0.052256867 | L48: 2022 | M48: 1143918.8 | P48: 1125.1814 | Q48: -5786.9013 | R48: 6912.0826
A49: 2023 | C49: 1115.8127 | D49: -0.0083264029
A50: 2024 | C50: 1106.4439 | D50: -0.008396314 | R50: -3.6225499e+12
A51: 2025 | C51: 1097.0752 | D51: -0.008467409 | R51: -1.7250237e+11 | S51: 1.7250237e+11
A52: 2026 | C52: 1087.7065 | D52: -0.0085397183 | R52: 415334.05
A53: 2027 | C53: 1078.3378 | D53: -0.0086132732 | I53: Koefisien
D54: 0.021212705 | I54: HBDI | J54: -0.432134
I55: HIMI*ECRI | J55: 1.89e-05
I56: STBI | J56: -0.47217
I57: TPBI | J57: 8.73e-05
I58: INRG | J58: -22438.86
I59: T | J59: -103.9802
I60: IMBIt-1 | J60: 0.000558
I62: Konstan | J62: 211340

Sheet Eq NI 2
A1: Time | B1: Ex-Ante | C1: Ex-Post
A2: 2000 | B2: ='Persamaan NI 2'!C3 -> 1171.665 | C2: ='Persamaan NI 2'!Q3 -> -4.4211513e+08
A3: 2000 | B3: ='Persamaan NI 2'!C4 -> 1204.452 | C3: ='Persamaan NI 2'!Q4 -> -8682532
A4: 2001 | B4: ='Persamaan NI 2'!C5 -> 1237.239 | C4: ='Persamaan NI 2'!Q5 -> 4.0128859e+08
A5: 2001 | B5: ='Persamaan NI 2'!C6 -> 1271.861 | C5: ='Persamaan NI 2'!Q6 -> -3.4237783e+11
A6: 2002 | B6: ='Persamaan NI 2'!C7 -> 1306.483 | C6: ='Persamaan NI 2'!Q7 -> 3.021966e+09
A7: 2002 | B7: ='Persamaan NI 2'!C8 -> 1343.0425 | C7: ='Persamaan NI 2'!Q8 -> 6139.9201
A8: 2003 | B8: ='Persamaan NI 2'!C9 -> 1379.602 | C8: ='Persamaan NI 2'!Q9 -> 2.073677e+08
A9: 2003 | B9: ='Persamaan NI 2'!C10 -> 1418.2075 | C9: ='Persamaan NI 2'!Q10 -> 3.9617479e+12
A10: 2004 | B10: ='Persamaan NI 2'!C11 -> 1456.813 | C10: ='Persamaan NI 2'!Q11 -> -3127.2072
A11: 2004 | B11: ='Persamaan NI 2'!C12 -> 1497.579 | C11: ='Persamaan NI 2'!Q12 -> -3128.4222
A12: 2005 | B12: ='Persamaan NI 2'!C13 -> 1538.345 | C12: ='Persamaan NI 2'!Q13 -> -3129.6372
A13: 2005 | B13: ='Persamaan NI 2'!C14 -> 1581.3925 | C13: ='Persamaan NI 2'!Q14 -> -3152.418
... A47: 2022 | B47: ='Persamaan NI 2'!C48 -> 1125.1814 | C47: ='Persamaan NI 2'!Q48 -> -5786.9013
A48: 2023 | B48: ='Persamaan NI 2'!C49 -> 1115.8127
A49: 2024 | B49: ='Persamaan NI 2'!C50 -> 1106.4439
A50: 2025 | B50: ='Persamaan NI 2'!C51 -> 1097.0752
A51: 2026 | B51: ='Persamaan NI 2'!C52 -> 1087.7065
A52: 2027 | B52: ='Persamaan NI 2'!C53 -> 1078.3378

Sheet Persamaan NI 3
C1: Y_STBI | E1: X1_HBDI | F1: X2_LSBI | G1: X3_ASBI | H1: X4_IMBI | I1: X5_INRG | J1: X6_MPBI | K1: X7_STBI_t-1
M2: Nilai Aktual | N2: Nilai Prediksi
A3: 1 | B3: 2000 | C3: 922.227 | E3: 7081 | F3: 1526.345 | G3: 758.726 | H3: 1171.665 | I3: 0.058 | J3: 755.7708 | K3: 912947 | M3: 922.227 | N3: 964.69839 | O3: -42.471387
A4: 2 | C4: 942.443 | D4: 0.02192085 | E4: 7132 | F4: 1630.414 | G4: 764.503 | H4: 1204.452 | I4: 0.056 | J4: 758.58255 | K4: 0 | M4: 942.443 | N4: 1154.9997 | O4: -212.55665
A5: 1 | B5: 2001 | C5: 962.659 | D5: 0.02192085 | E5: 7183 | F5: 1734.483 | G5: 770.28 | H5: 1237.239 | I5: 0.054 | J5: 761.3943 | K5: 922227 | M5: 962.659 | N5: 1119.5745 | O5: -156.91551
A6: 2 | C6: 968.505 | D6: 0.0063390033 | E6: 7184.5 | F6: 1745.0165 | G6: 778.14 | H6: 1271.861 | I6: 0.0535 | J6: 795.59265 | K6: 942443 | M6: 968.505 | N6: 1107.4745 | O6: -138.9695
A7: 1 | B7: 2002 | C7: 974.351 | D7: 0.0063390033 | E7: 7186 | F7: 1755.55 | G7: 786 | H7: 1306.483 | I7: 0.053 | J7: 829.791 | K7: 962659 | M7: 974.351 | N7: 1095.3745 | O7: -121.02349
A8: 2 | C8: 977.785 | D8: 0.0037235952 | E8: 7238.5 | F8: 1821.619 | G8: 795.252 | H8: 1343.0425 | I8: 0.054 | J8: 813.44735 | K8: 968505 | M8: 977.785 | N8: 1066.3778 | O8: -88.592781
A9: 1 | B9: 2003 | C9: 981.219 | D9: 0.0037235952 | E9: 7291 | F9: 1887.688 | G9: 804.504 | H9: 1379.602 | I9: 0.055 | J9: 797.1037 | K9: 974351 | M9: 981.219 | N9: 1037.3811 | O9: -56.162073
A10: 2 | C10: 986.175 | D10: 0.0053739481 | E10: 7294 | F10: 1981.035 | G10: 844.287 | H10: 1418.2075 | I10: 0.054 | J10: 807.55145 | K10: 977785 | M10: 986.175 | N10: 1072.1731 | O10: -85.998142
A11: 1 | B11: 2004 | C11: 991.131 | D11: 0.0053739481 | E11: 7297 | F11: 2074.382 | G11: 884.07 | H11: 1456.813 | I11: 0.053 | J11: 817.9992 | K11: 981219 | M11: 991.131 | N11: 1106.9652 | O11: -115.83421
A12: 2 | C12: 995.1275 | D12: 0.0043335318 | E12: 7301.5 | F12: 2229.3645 | G12: 890.8015 | H12: 1497.579 | I12: 0.055 | J12: 787.5544 | K12: 986175 | M12: 995.1275 | N12: 1033.2698 | O12: -38.142331
A13: 1 | B13: 2005 | C13: 999.124 | D13: 0.0043335318 | E13: 7306 | F13: 2384.347 | G13: 897.533 | H13: 1538.345 | I13: 0.057 | J13: 757.1096 | K13: 991131 | M13: 999.124 | N13: 959.57445 | O13: 39.549548
A14: 2 | C14: 1001.634 | D14: 0.0027216726 | E14: 7360.5 | F14: 2408.6775 | G14: 911.4125 | H14: 1581.3925 | I14: 0.0565 | J14: 760.6936 | K14: 995127.5 | M14: 1001.634 | N14: 981.68749 | O14: 19.946512
A15: 1 | B15: 2006 | C15: 1004.144 | D15: 0.0027216726 | E15: 7415 | F15: 2433.008 | G15: 925.292 | H15: 1624.44 | I15: 0.056 | J15: 764.2776 | K15: 999124 | M15: 1004.144 | N15: 1003.8005 | O15: 0.34347536
A16: 2 | C16: 1007.6835 | D16: 0.0038379922 | E16: 7471 | F16: 2457.8345 | G16: 940.586 | H16: 1669.897 | I16: 0.055 | J16: 779.8104 | K16: 1001634 | M16: 1007.6835 | N16: 1037.4927 | O16: -29.809194
A17: 1 | B17: 2007 | C17: 1011.223 | D17: 0.0038379922 | E17: 7527 | F17: 2482.661 | G17: 955.88 | H17: 1715.354 | I17: 0.054 | J17: 795.3432 | K17: 1004144 | M17: 1011.223 | N17: 1071.1849 | O17: -59.961863
A18: 2 | C18: 1011.729 | D18: 0.00054867186 | E18: 7533.5 | F18: 2651.9335 | G18: 968.6385 | H18: 1763.355 | I18: 0.0565 | J18: 807.8455 | K18: 1007683.5 | M18: 1011.729 | N18: 940.97999 | O18: 70.749011
A19: 1 | B19: 2008 | C19: 1012.235 | D19: 0.00054867186 | E19: 7540 | F19: 2821.206 | G19: 981.397 | H19: 1811.356 | I19: 0.059 | J19: 820.3478 | K19: 1011223 | M19: 1012.235 | N19: 810.77512 | O19: 201.45988
A20: 2 | C20: 1013.2495 | D20: 0.0011000545 | E20: 7597.5 | F20: 2943.867 | G20: 1006.138 | H20: 1862.0435 | I20: 0.058 | J20: 823.66765 | K20: 1011729 | M20: 1013.2495 | N20: 849.86082 | O20: 163.38868
A21: 1 | B21: 2009 | C21: 1014.264 | D21: 0.0011000545 | E21: 7655 | F21: 3066.528 | G21: 1030.879 | H21: 1912.731 | I21: 0.057 | J21: 826.9875 | K21: 1012235 | M21: 1014.264 | N21: 888.94652 | O21: 125.31748
A22: 2 | C22: 1017.839 | D22: 0.0038764859 | E22: 7913 | F22: 3181.935 | G22: 1046.8205 | H22: 1966.255 | I22: 0.054 | J22: 829.2375 | K22: 1013249.5 | M22: 1017.839 | N22: 1035.4915 | O22: -17.652466
A23: 1 | B23: 2010 | C23: 1021.414 | D23: 0.0038764859 | E23: 8171 | F23: 3297.342 | G23: 1062.762 | H23: 2019.779 | I23: 0.051 | J23: 831.4875 | K23: 1014264 | M23: 1021.414 | N23: 1182.0364 | O23: -160.62242
A24: 2 | C24: 1027.617 | D24: 0.0067261097 | E24: 8230.5 | F24: 3330.9885 | G24: 1069.761 | H24: 2076.299 | I24: 0.0515 | J24: 860.34525 | K24: 1017839 | M24: 1027.617 | N24: 1136.9232 | O24: -109.3062
A25: 1 | B25: 2011 | C25: 1033.82 | D25: 0.0067261097 | E25: 8290 | F25: 3364.635 | G25: 1076.76 | H25: 2132.819 | I25: 0.052 | J25: 889.203 | K25: 1021414 | M25: 1033.82 | N25: 1091.81 | O25: -57.98999
A26: 2 | C26: 1677.2985 | D26: 0.69774416 | E26: 8566.5 | F26: 3368.727 | G26: 2201.241 | H26: 1809.223 | I26: 0.052 | J26: 930.3381 | K26: 1027617 | M26: 1677.2985 | N26: 1510.454 | O26: 166.84454
A27: 1 | B27: 2012 | C27: 2320.777 | D27: 0.69774416 | E27: 8843 | F27: 3372.819 | G27: 3325.722 | H27: 1485.627 | I27: 0.052 | J27: 971.4732 | K27: 1033820 | M27: 2320.777 | N27: 1929.0979 | O27: 391.67907
A28: 2 | C28: 2215.1265 | D28: -0.11456019 | E28: 9117 | F28: 3402.217 | G28: 3305.0745 | H28: 897.177 | I28: 0.0525 | J28: 985.5385 | K28: 1677298.5 | M28: 2215.1265 | N28: 1911.0911 | O28: 304.03539
A29: 1 | B29: 2013 | C29: 2109.476 | D29: -0.11456019 | E29: 9391 | F29: 3431.615 | G29: 3284.427 | H29: 308.727 | I29: 0.053 | J29: 999.6038 | K29: 2320777 | M29: 2109.476 | N29: 1893.0843 | O29: 216.39171
A30: 2 | C30: 1864.6535 | D30: -0.26546881 | E30: 9749.5 | F30: 3103.242 | G30: 2743.681 | H30: 291.862 | I30: 0.0545 | J30: 1047.7222 | K30: 2215126.5 | M30: 1864.6535 | N30: 1692.5286 | O30: 172.12485
A31: 1 | B31: 2014 | C31: 1619.831 | D31: -0.26546881 | E31: 10108 | F31: 2774.869 | G31: 2202.935 | H31: 274.997 | I31: 0.056 | J31: 1095.8406 | K31: 2109476 | M31: 1619.831 | N31: 1491.973 | O31: 127.858
A32: 2 | C32: 1619.8305 | D32: -5.4216587e-07 | E32: 10751.5 | F32: 2988.4455 | G32: 2030.705 | H32: 460.042 | I32: 0.055 | J32: 1184.8106 | K32: 1864653.5 | M32: 1619.8305 | N32: 1473.2548 | O32: 146.57574
A33: 1 | B33: 2015 | C33: 1619.83 | D33: -5.4216587e-07 | E33: 11395 | F33: 3202.022 | G33: 1858.475 | H33: 645.087 | I33: 0.054 | J33: 1273.7805 | K33: 1619831 | M33: 1619.83 | N33: 1454.5365 | O33: 165.29349
A34: 2 | C34: 1472.271 | D34: -0.16000291 | E34: 11728 | F34: 2992.174 | G34: 2351.914 | H34: 596.841 | I34: 0.052 | J34: 1302.226 | K34: 1619830.5 | M34: 1472.271 | N34: 1746.6517 | O34: -274.38067
A35: 1 | B35: 2016 | C35: 1324.712 | D35: -0.16000291 | E35: 12061 | F35: 2782.326 | G35: 2845.353 | H35: 548.595 | I35: 0.05 | J35: 1330.6716 | K35: 1619830 | M35: 1324.712 | N35: 2038.7668 | O35: -714.05484
A36: 2 | C36: 1471.453 | D36: 0.15911592 | E36: 12123 | F36: 2662.3655 | G36: 3085.5375 | H36: 1017.111 | I36: 0.054 | J36: 1341.2868 | K36: 1472271 | M36: 1471.453 | N36: 1923.6733 | O36: -452.22033
A37: 1 | B37: 2017 | C37: 1618.194 | D37: 0.15911592 | E37: 12185 | F37: 2542.405 | G37: 3325.722 | H37: 1485.627 | I37: 0.058 | J37: 1351.902 | K37: 1324712 | M37: 1618.194 | N37: 1808.5798 | O37: -190.38582
A38: 2 | C38: 1281.863 | D38: -0.36469438 | E38: 12494.5 | F38: 1874.837 | G38: 2365.2805 | H38: 1636.4635 | I38: 0.0575 | J38: 1413.0531 | K38: 1471453 | M38: 1281.863 | N38: 1509.2966 | O38: -227.43357
A39: 1 | B39: 2018 | C39: 945.532 | D39: -0.36469438 | E39: 12804 | F39: 1207.269 | G39: 1404.839 | H39: 1787.3 | I39: 0.057 | J39: 1474.2042 | K39: 1618194 | M39: 945.532 | N39: 1210.0133 | O39: -264.48133
A40: 2 | C40: 1569.7485 | D40: 0.67685776 | E40: 12847.5 | F40: 779.5585 | G40: 1253.7245 | H40: 1564.932 | I40: 0.0535 | J40: 1463.1667 | K40: 1281863 | M40: 1569.7485 | N40: 1422.5247 | O40: 147.2238
A41: 1 | B41: 2019 | C41: 2193.965 | D41: 0.67685776 | E41: 12891 | F41: 351.848 | G41: 1102.61 | H41: 1342.564 | I41: 0.05 | J41: 1452.1291 | K41: 945532 | M41: 2193.965 | N41: 1635.0361 | O41: 558.92892
A42: 2 | C42: 1813.3121 | D42: -0.41275405 | E42: 13013.5 | F42: 1815.03 | G42: 1167.7145 | H42: 1288.5965 | I42: 0.05 | J42: 1457.9535 | K42: 1569748.5 | M42: 1813.3121 | N42: 1479.7203 | O42: 333.59172
A43: 1 | B43: 2020 | C43: 1432.6591 | D43: -0.41275405 | E43: 13136 | F43: 3278.212 | G43: 1232.819 | H43: 1234.629 | I43: 0.05 | J43: 1463.7779 | K43: 2193965 | M43: 1432.6591 | N43: 1324.4046 | O43: 108.25453
A44: 2 | C44: 1622.9856 | D44: 0.20637702 | E44: 13074.75 | F44: 2546.621 | G44: 1200.2668 | H44: 1261.6128 | I44: 0.05 | J44: 1460.8657 | K44: 1813312.1 | M44: 1622.9856 | N44: 1410.4935 | O44: 212.49213
A45: 1 | B45: 2021 | C45: 1779.1903 | D45: 0.16937769 | E45: 12928.176 | F45: 2678.2764 | G45: 2354.2685 | H45: 1153.2875 | I45: 0.052487805 | J45: 1440.502 | K45: 1432659.1 | M45: 1779.1903 | N45: 1744.9047 | O45: 34.285607
A46: 2 | C46: 1801.3995 | D46: 0.024082101 | E46: 13099.278 | F46: 2688.0218 | G46: 2393.7378 | H46: 1143.9188 | I46: 0.052410826 | J46: 1460.4683 | K46: 1622985.6 | M46: 1801.3995 | N46: 1743.2133 | O46: 58.186116
A47: 1 | B47: 2022 | C47: 1823.6086 | D47: 0.024082101 | E47: 13270.38 | F47: 2697.7673 | G47: 2433.2072 | H47: 1134.5501 | I47: 0.052333847 | J47: 1480.4346 | K47: 1779190.3 | M47: 1823.6086 | N47: 1745.719 | O47: 77.889646
A48: 2 | C48: 1845.8178 | D48: 0.024082101 | E48: 13441.482 | F48: 2707.5127 | G48: 2472.6765 | H48: 1125.1814 | I48: 0.052256867 | J48: 1500.4009 | K48: 1801399.5 | M48: 1845.8178 | N48: 1764.7061 | O48: 81.111728
B49: 2023 | C49: 1868.0269 | D49: 0.012032154 | M49: #REF! | N49: 3264.484 | O49: #REF!
B50: 2024 | C50: 1890.2361 | D50: 0.011889103 | N50: Total | O50: 308.55681 | P50: 308.55681
B51: 2025 | C51: 1912.4453 | D51: 0.011749413 | N51: MSE | O51: -33.521782 | P51: 33.521782
B52: 2026 | C52: 1934.6544 | D52: 0.011612967 | N52: RSME | P52: 5.7897998
B53: 2027 | C53: 1956.8636 | D53: 0.011479654 | F53: X1_HBDI | G53: 0.125528
D54: 0.021204842 | F54: X2_LSBI | G54: -0.080272
F55: X3_ASBI | G55: 0.339305
F56: X4_IMBI | G56: -0.117138
F57: X5_INRG | G57: -42096.95
F58: X6_MPBI | G58: -0.836767
F59: X7_STBI_t-1 | G59: -0.000123
F61: Konstan | G61: 3264.484

Sheet Eq NI 3
A1: Time | B1: Ex-Ante | C1: Ex-Post
A2: 2000 | B2: ='Persamaan NI 3'!C3 -> 922.227 | C2: ='Persamaan NI 3'!N3 -> 964.69839
A3: 2000 | B3: ='Persamaan NI 3'!C4 -> 942.443 | C3: ='Persamaan NI 3'!N4 -> 1154.9997
A4: 2001 | B4: ='Persamaan NI 3'!C5 -> 962.659 | C4: ='Persamaan NI 3'!N5 -> 1119.5745
A5: 2001 | B5: ='Persamaan NI 3'!C6 -> 968.505 | C5: ='Persamaan NI 3'!N6 -> 1107.4745
A6: 2002 | B6: ='Persamaan NI 3'!C7 -> 974.351 | C6: ='Persamaan NI 3'!N7 -> 1095.3745
A7: 2002 | B7: ='Persamaan NI 3'!C8 -> 977.785 | C7: ='Persamaan NI 3'!N8 -> 1066.3778
A8: 2003 | B8: ='Persamaan NI 3'!C9 -> 981.219 | C8: ='Persamaan NI 3'!N9 -> 1037.3811
A9: 2003 | B9: ='Persamaan NI 3'!C10 -> 986.175 | C9: ='Persamaan NI 3'!N10 -> 1072.1731
A10: 2004 | B10: ='Persamaan NI 3'!C11 -> 991.131 | C10: ='Persamaan NI 3'!N11 -> 1106.9652
A11: 2004 | B11: ='Persamaan NI 3'!C12 -> 995.1275 | C11: ='Persamaan NI 3'!N12 -> 1033.2698
A12: 2005 | B12: ='Persamaan NI 3'!C13 -> 999.124 | C12: ='Persamaan NI 3'!N13 -> 959.57445
A13: 2005 | B13: ='Persamaan NI 3'!C14 -> 1001.634 | C13: ='Persamaan NI 3'!N14 -> 981.68749
... A47: 2022 | B47: ='Persamaan NI 3'!C48 -> 1845.8178 | C47: ='Persamaan NI 3'!N48 -> 1764.7061
A48: 2023 | B48: ='Persamaan NI 3'!C49 -> 1868.0269
A49: 2024 | B49: ='Persamaan NI 3'!C50 -> 1890.2361
A50: 2025 | B50: ='Persamaan NI 3'!C51 -> 1912.4453
A51: 2026 | B51: ='Persamaan NI 3'!C52 -> 1934.6544
A52: 2027 | B52: ='Persamaan NI 3'!C53 -> 1956.8636

Sheet Persamaan 1
B1: Semester | C1: Y_APSU | E1: X1_HGSU/HFSU | H1: X2_AISU | I1: X3_CHSU | J1: X4_YISU | K1: X5_APSU_t-1 | N1: Data Aktual | O1: Data Ramalan
E2: HGSU | F2: HFSU | G2: HGSU/HFSU | O2: Yaksen | P2: Y-Yaksen | Q2: (Y-Yaksen)^2 | V2: AD | Y2: APE | AA2: Mape | AB2: 373.64845 | AD2: Pe
A3: 2000 | B3: 1 | C3: 375.798 | E3: 1890 | F3: 1050 | G3: 1.8 | H3: 61.811 | I3: 2249 | J3: 31.33 | K3: 371848 | N3: 375.798 | O3: -1304.1443 | P3: 1679.9423 | Q3: 2822206.1 | V3: 1679.9423 | Y3: 447.03332 | AA3: 15693.235
B4: 2 | C4: 377.773 | E4: 1984.5 | F4: 1075 | G4: 1.8460465 | H4: 66.429 | I4: 1951.5 | J4: 33.465 | K4: 373823 | N4: 377.773 | O4: -1357.8085 | P4: 1735.5815 | Q4: 3012243.2 | V4: 1735.5815 | Y4: 459.42444
A5: 2001 | B5: 1 | C5: 379.748 | D5: 0.010510966 | E5: 2079 | F5: 1100 | G5: 1.89 | H5: 71.047 | I5: 1654 | J5: 35.6 | K5: 375798 | N5: 379.748 | O5: -1410.5875 | P5: 1790.3355 | Q5: 3205301.1 | T5: 2283.9631 | V5: 1790.3355 | Y5: 471.45356
B6: 2 | C6: 399.448 | D6: 0.057677263 | E6: 2146.5 | F6: 1125 | G6: 1.908 | H6: 78.323 | I6: 2060.5 | J6: 37.19 | K6: 377773 | N6: 399.448 | O6: -1484.1544 | P6: 1883.6024 | Q6: 3547958.1 | V6: 1883.6024 | Y6: 471.55135
A7: 2002 | B7: 1 | C7: 419.148 | D7: 0.10484356 | E7: 2214 | F7: 1150 | G7: 1.9252174 | H7: 85.599 | I7: 2467 | J7: 38.78 | K7: 379748 | N7: 419.148 | O7: -1557.3904 | P7: 1976.5384 | Q7: 3906703.9 | V7: 1976.5384 | Y7: 471.56097
B8: 2 | C8: 428.7935 | D8: 0.078088494 | E8: 2366.5 | F8: 1175 | G8: 2.0140426 | H8: 90.3545 | I8: 2243 | J8: 40.285 | K8: 399448 | N8: 428.7935 | O8: -1599.2578 | P8: 2028.0513 | Q8: 4112991.9 | V8: 2028.0513 | Y8: 472.96689
A9: 2003 | B9: 1 | C9: 438.439 | D9: 0.051333429 | E9: 2519 | F9: 1200 | G9: 2.0991667 | H9: 95.11 | I9: 2019 | J9: 41.79 | K9: 419148 | N9: 438.439 | O9: -1639.5598 | P9: 2077.9988 | Q9: 4318078.9 | V9: 2077.9988 | Y9: 473.95391
B10: 2 | C10: 455.9575 | D10: 0.072283514 | E10: 2630 | F10: 1225 | G10: 2.1469388 | H10: 101.5945 | I10: 1941.5 | J10: 44.64 | K10: 428793.5 | N10: 455.9575 | O10: -1720.2198 | P10: 2176.1773 | Q10: 4735747.8 | V10: 2176.1773 | Y10: 477.27635
A11: 2004 | B11: 1 | C11: 473.476 | D11: 0.093233599 | E11: 2741 | F11: 1250 | G11: 2.1928 | H11: 108.079 | I11: 1864 | J11: 47.49 | K11: 438439 | N11: 473.476 | O11: -1800.0717 | P11: 2273.5477 | Q11: 5169019.1 | V11: 2273.5477 | Y11: 480.18224
B12: 2 | C12: 486.99 | D12: 0.082577608 | E12: 2770.5 | F12: 1275 | G12: 2.1729412 | H12: 112.7785 | I12: 2124 | J12: 48.535 | K12: 455957.5 | N12: 486.99 | O12: -1818.5948 | P12: 2305.5848 | Q12: 5315721.4 | V12: 2305.5848 | Y12: 473.43576
A13: 2005 | B13: 1 | C13: 500.504 | D13: 0.071921617 | E13: 2800 | F13: 1300 | G13: 2.1538462 | H13: 117.478 | I13: 2384 | J13: 49.58 | K13: 473476 | N13: 500.504 | O13: -1837.441 | P13: 2337.945 | Q13: 5465987 | V13: 2337.945 | Y13: 467.11815
B14: 2 | C14: 511.4755 | D14: 0.065156015 | E14: 2830 | F14: 1325 | G14: 2.1358491 | H14: 127.844 | I14: 2232 | J14: 49.265 | K14: 486990 | N14: 511.4755 | O14: -1791.9508 | P14: 2303.4263 | Q14: 5305772.6 | V14: 2303.4263 | Y14: 450.34929
A15: 2006 | B15: 1 | C15: 522.447 | D15: 0.058390412 | E15: 2860 | F15: 1350 | G15: 2.1185185 | H15: 138.21 | I15: 2080 | J15: 48.95 | K15: 500504 | N15: 522.447 | O15: -1746.7424 | P15: 2269.1894 | Q15: 5149220.7 | V15: 2269.1894 | Y15: 434.33869
B16: 2 | C16: 546.714 | D16: 0.093769791 | E16: 2993 | F16: 1375 | G16: 2.1767273 | H16: 156.5795 | I16: 1947.5 | J16: 49.235 | K16: 511475.5 | N16: 546.714 | O16: -1749.671 | P16: 2296.385 | Q16: 5273384 | V16: 2296.385 | Y16: 420.03406
A17: 2007 | B17: 1 | C17: 570.981 | D17: 0.12914917 | E17: 3126 | F17: 1400 | G17: 2.2328571 | H17: 174.949 | I17: 1815 | J17: 49.52 | K17: 522447 | N17: 570.981 | O17: -1751.7203 | P17: 2322.7013 | Q17: 5394941.1 | V17: 2322.7013 | Y17: 406.79134
B18: 2 | C18: 593.463 | D18: 0.12439928 | E18: 3194.5 | F18: 1425 | G18: 2.2417544 | H18: 186.8775 | I18: 2134 | J18: 50.14 | K18: 546714 | N18: 593.463 | O18: -1764.2575 | P18: 2357.7205 | Q18: 5558846.1 | V18: 2357.7205 | Y18: 397.28181
A19: 2008 | B19: 1 | C19: 615.945 | D19: 0.11964939 | E19: 3263 | F19: 1450 | G19: 2.2503448 | H19: 198.806 | I19: 2453 | J19: 50.76 | K19: 570981 | N19: 615.945 | O19: -1776.665 | P19: 2392.61 | Q19: 5724582.8 | V19: 2392.61 | Y19: 388.4454
B20: 2 | C20: 638.061 | D20: 0.11867546 | E20: 3380.5 | F20: 1475 | G20: 2.2918644 | H20: 206.288 | I20: 2383.5 | J20: 51.47 | K20: 593463 | N20: 638.061 | O20: -1782.9805 | P20: 2421.0415 | Q20: 5861441.9 | V20: 2421.0415 | Y20: 379.43731
A21: 2009 | B21: 1 | C21: 660.177 | D21: 0.11770153 | E21: 3498 | F21: 1500 | G21: 2.332 | H21: 213.77 | I21: 2314 | J21: 52.18 | K21: 615945 | N21: 660.177 | O21: -1788.7106 | P21: 2448.8876 | Q21: 5997050.4 | V21: 2448.8876 | Y21: 370.94409
B22: 2 | C22: 674.289 | D22: 0.096402855 | E22: 3572.5 | F22: 1575 | G22: 2.268254 | H22: 237.2325 | I22: 2141 | J22: 50.065 | K22: 638061 | N22: 674.289 | O22: -1657.3671 | P22: 2331.6561 | Q22: 5436620 | V22: 2331.6561 | Y22: 345.79476
A23: 2010 | B23: 1 | C23: 688.401 | D23: 0.075104178 | E23: 3647 | F23: 1650 | G23: 2.210303 | H23: 260.695 | I23: 1968 | J23: 47.95 | K23: 660177 | N23: 688.401 | O23: -1528.4746 | P23: 2216.8756 | Q23: 4914537.5 | V23: 2216.8756 | Y23: 322.0326
B24: 2 | C24: 695.7845 | D24: 0.057199613 | E24: 3713.5 | F24: 1675 | G24: 2.2170149 | H24: 275.1785 | I24: 2005 | J24: 48.44 | K24: 674289 | N24: 695.7845 | O24: -1525.8433 | P24: 2221.6278 | Q24: 4935630 | V24: 2221.6278 | Y24: 319.29826
A25: 2011 | B25: 1 | C25: 703.168 | D25: 0.039295047 | E25: 3780 | F25: 1700 | G25: 2.2235294 | H25: 289.662 | I25: 2042 | J25: 48.93 | K25: 688401 | N25: 703.168 | O25: -1523.1285 | P25: 2226.2965 | Q25: 4956396 | V25: 2226.2965 | Y25: 316.60947
B26: 2 | C26: 708.7375 | D26: 0.034467985 | E26: 3931 | F26: 1775 | G26: 2.2146479 | H26: 289.662 | I26: 2608.5 | J26: 49.33 | K26: 695784.5 | N26: 708.7375 | O26: -1561.937 | P26: 2270.6745 | Q26: 5155962.5 | V26: 2270.6745 | Y26: 320.383
A27: 2012 | B27: 1 | C27: 714.307 | D27: 0.029640924 | E27: 4082 | F27: 1850 | G27: 2.2064865 | H27: 289.662 | I27: 3175 | J27: 49.73 | K27: 703168 | N27: 714.307 | O27: -1601.05 | P27: 2315.357 | Q27: 5360878.2 | V27: 2315.357 | Y27: 324.14033
B28: 2 | C28: 705.8255 | D28: -0.0077488438 | E28: 4352.5 | F28: 1875 | G28: 2.3213333 | H28: 281.357 | I28: 2901 | J28: 50.47 | K28: 708737.5 | N28: 705.8255 | O28: -1650.18 | P28: 2356.0055 | Q28: 5550762 | V28: 2356.0055 | Y28: 333.79433
A29: 2013 | B29: 1 | C29: 697.344 | D29: -0.045138612 | E29: 4623 | F29: 1900 | G29: 2.4331579 | H29: 273.052 | I29: 2627 | J29: 51.21 | K29: 714307 | N29: 697.344 | O29: -1698.0317 | P29: 2395.3757 | Q29: 5737824.8 | V29: 2395.3757 | Y29: 343.49987
B30: 2 | C30: 687.034 | D30: -0.050004258 | E30: 4780.5 | F30: 1925 | G30: 2.4833766 | H30: 272.409 | I30: 2387.5 | J30: 51.395 | K30: 705825.5 | N30: 687.034 | O30: -1716.671 | P30: 2403.705 | Q30: 5777797.6 | V30: 2403.705 | Y30: 349.86696
A31: 2014 | B31: 1 | C31: 676.724 | D31: -0.054869904 | E31: 4938 | F31: 1950 | G31: 2.5323077 | H31: 271.766 | I31: 2148 | J31: 51.58 | K31: 697344 | N31: 676.724 | O31: -1734.7656 | P31: 2411.4896 | Q31: 5815282.1 | V31: 2411.4896 | Y31: 356.34758
B32: 2 | C32: 704.2675 | D32: 0.045858413 | E32: 5050.5 | F32: 1950 | G32: 2.59 | H32: 267.8545 | I32: 1561.95 | J32: 52.225 | K32: 687034 | N32: 704.2675 | O32: -1749.0557 | P32: 2453.3232 | Q32: 6018794.7 | V32: 2453.3232 | Y32: 348.35104
A33: 2015 | B33: 1 | C33: 731.811 | D33: 0.14658673 | E33: 5163 | F33: 1950 | G33: 2.6476923 | H33: 263.943 | I33: 975.9 | J33: 52.87 | K33: 676724 | N33: 731.811 | O33: -1763.3458 | P33: 2495.1568 | Q33: 6225807.3 | V33: 2495.1568 | Y33: 340.95644
B34: 2 | C34: 779.2534 | D34: 0.19953778 | E34: 5244 | F34: 1975 | G34: 2.6551899 | H34: 262.7065 | I34: 1424.45 | J34: 52.97 | K34: 704267.5 | N34: 779.2534 | O34: -1773.5163 | P34: 2552.7697 | Q34: 6516633.3 | V34: 2552.7697 | Y34: 327.59173
A35: 2016 | B35: 1 | C35: 826.6958 | D35: 0.25248884 | E35: 5325 | F35: 2000 | G35: 2.6625 | H35: 261.47 | I35: 1873 | J35: 53.07 | K35: 731811 | N35: 826.6958 | O35: -1783.6076 | P35: 2610.3034 | Q35: 6813683.9 | V35: 2610.3034 | Y35: 315.75138
B36: 2 | C36: 845.48955 | D36: 0.17625466 | E36: 5637 | F36: 2075 | G36: 2.7166265 | H36: 260.7455 | I36: 1987.5 | J36: 53.55 | K36: 779253.4 | N36: 845.48955 | O36: -1781.2442 | P36: 2626.7338 | Q36: 6899730.2 | V36: 2626.7338 | Y36: 310.67608
A37: 2017 | B37: 1 | C37: 864.2833 | D37: 0.10002049 | E37: 5949 | F37: 2150 | G37: 2.7669767 | H37: 260.021 | I37: 2102 | J37: 54.03 | K37: 826695.8 | N37: 864.2833 | O37: -1777.2836 | P37: 2641.5669 | Q37: 6977875.6 | V37: 2641.5669 | Y37: 305.63669
B38: 2 | C38: 879.2167 | D38: 0.089748083 | E38: 5806 | F38: 2175 | G38: 2.6694253 | H38: 212.2885 | I38: 2115.5 | J38: 53.1 | K38: 845489.55 | N38: 879.2167 | O38: -1717.9109 | P38: 2597.1276 | Q38: 6745071.7 | V38: 2597.1276 | Y38: 295.39107
A39: 2018 | B39: 1 | C39: 894.1501 | D39: 0.079475676 | E39: 5663 | F39: 2200 | G39: 2.5740909 | H39: 164.556 | I39: 2129 | J39: 52.17 | K39: 864283.3 | N39: 894.1501 | O39: -1659.4759 | P39: 2553.626 | Q39: 6521005.7 | V39: 2553.626 | Y39: 285.59254
B40: 2 | C40: 854.62305 | D40: -0.065443802 | E40: 5683 | F40: 2225 | G40: 2.5541573 | H40: 171.464 | I40: 2325.5 | J40: 50.65 | K40: 879216.7 | N40: 854.62305 | O40: -1604.1903 | P40: 2458.8133 | Q40: 6045762.9 | V40: 2458.8133 | Y40: 287.70735
A41: 2019 | B41: 1 | C41: 815.096 | D41: -0.21036328 | E41: 5703 | F41: 2250 | G41: 2.5346667 | H41: 178.372 | I41: 2522 | J41: 49.13 | K41: 894150.1 | N41: 815.096 | O41: -1549.092 | P41: 2364.188 | Q41: 5589384.9 | V41: 2364.188 | Y41: 290.05025
B42: 2 | C42: 835.4734 | D42: -0.050957296 | E42: 5546 | F42: 2325 | G42: 2.3853763 | H42: 182.831 | I42: 2407.5 | J42: 49.695 | K42: 854623.05 | N42: 835.4734 | O42: -1530.2899 | P42: 2365.7633 | Q42: 5596836.2 | V42: 2365.7633 | Y42: 283.16441
A43: 2020 | B43: 1 | C43: 855.8508 | D43: 0.10844869 | E43: 5389 | F43: 2400 | G43: 2.2454167 | H43: 187.29 | I43: 2293 | J43: 50.26 | K43: 815096 | N43: 855.8508 | O43: -1515.4344 | P43: 2371.2852 | Q43: 5622993.3 | V43: 2371.2852 | Y43: 277.06759
B44: 2 | C44: 845.6621 | D44: 0.027112172 | E44: 5467.5 | F44: 2362.5 | G44: 2.3142857 | H44: 185.0605 | I44: 2350.25 | J44: 49.9775 | K44: 835473.4 | N44: 845.6621 | O44: -1521.7877 | P44: 2367.4498 | Q44: 5604818.4 | V44: 2367.4498 | Y44: 279.95221
A45: 2021 | B45: 1 | C45: 894.18411 | D45: 0.10200509 | E45: 6145.8095 | F45: 2389.6922 | G45: 2.5717996 | H45: 279.30988 | I45: 2207.0891 | J45: 55.468403 | K45: 855850.8 | N45: 894.18411 | O45: -1702.7578 | P45: 2596.9419 | Q45: 6744107.1 | V45: 2596.9419 | Y45: 290.42586
B46: 2 | C46: 923.52228 | D46: 0.20718625 | E46: 6249.6766 | F46: 2423.169 | G46: 2.5791336 | H46: 283.45142 | I46: 2209.648 | J46: 55.808016 | K46: 845662.1 | N46: 923.52228 | O46: -1723.2644 | P46: 2646.7866 | Q46: 7005479.5 | V46: 2646.7866 | Y46: 286.59695
A47: 2022 | B47: 1 | C47: 952.86045 | D47: 0.15613798 | E47: 6353.5437 | F47: 2456.6459 | G47: 2.5862677 | H47: 287.59296 | I47: 2212.2069 | J47: 56.147629 | K47: 919832.86 | N47: 952.86045 | O47: -1660.5923 | P47: 2613.4528 | Q47: 6830135.5 | V47: 2613.4528 | Y47: 274.27445
B48: 2 | C48: 982.19862 | D48: 0.15613798 | E48: 6457.4109 | F48: 2490.1227 | G48: 2.5932099 | H48: 291.7345 | I48: 2214.7658 | J48: 56.487242 | K48: 932608.77 | N48: 982.19862 | O48: -1658.3131 | P48: 2640.5117 | Q48: 6972302.3 | V48: 2640.5117 | Y48: 268.83684
A49: 2023 | C49: 925.13809 | D49: 0.21148592 | P49: Total | Q49: 2.1909247e+08 | U49: SUM AD | V49: 96684.437
A50: 2024 | C50: 951.12686 | D50: 0.069156222 | P50: MSE | Q50: 10028549
A51: 2025 | C51: 977.11563 | D51: 0.069156222 | P51: RMSE | Q51: 3166.7884
A52: 2026 | C52: 1003.1044 | D52: 0.069156222 | P52: MAD | Q52: 4604.0208
A53: 2027 | C53: 1029.0932 | D53: 0.069156222
D54: 0.074123579
F55: Koefisien
F56: X1_HGSU/HFSU
G58: -422.9576
F59: X2_AISU | G59: 0.526874
F60: X3_CHSU | G60: -0.068482
F61: X4_YISU | G61: -27.60673
F62: X5_APSU_t-1 | G62: 0.000985
F64: Constan | G64: 77.27737

Sheet Eq1
A1: Time | B1: Ex-Ante | C1: Ex-Post
A2: 2000 | B2: ='Persamaan 1'!C3 -> 375.798 | C2: ='Persamaan 1'!O3 -> -1304.1443
A3: 2000 | B3: ='Persamaan 1'!C4 -> 377.773 | C3: ='Persamaan 1'!O4 -> -1357.8085
A4: 2001 | B4: ='Persamaan 1'!C5 -> 379.748 | C4: ='Persamaan 1'!O5 -> -1410.5875
A5: 2001 | B5: ='Persamaan 1'!C6 -> 399.448 | C5: ='Persamaan 1'!O6 -> -1484.1544
A6: 2002 | B6: ='Persamaan 1'!C7 -> 419.148 | C6: ='Persamaan 1'!O7 -> -1557.3904
A7: 2002 | B7: ='Persamaan 1'!C8 -> 428.7935 | C7: ='Persamaan 1'!O8 -> -1599.2578
A8: 2003 | B8: ='Persamaan 1'!C9 -> 438.439 | C8: ='Persamaan 1'!O9 -> -1639.5598
A9: 2003 | B9: ='Persamaan 1'!C10 -> 455.9575 | C9: ='Persamaan 1'!O10 -> -1720.2198
A10: 2004 | B10: ='Persamaan 1'!C11 -> 473.476 | C10: ='Persamaan 1'!O11 -> -1800.0717
A11: 2004 | B11: ='Persamaan 1'!C12 -> 486.99 | C11: ='Persamaan 1'!O12 -> -1818.5948
A12: 2005 | B12: ='Persamaan 1'!C13 -> 500.504 | C12: ='Persamaan 1'!O13 -> -1837.441
A13: 2005 | B13: ='Persamaan 1'!C14 -> 511.4755 | C13: ='Persamaan 1'!O14 -> -1791.9508
... A47: 2022 | B47: ='Persamaan 1'!C48 -> 982.19862 | C47: ='Persamaan 1'!O48 -> -1658.3131
A48: 2023 | B48: ='Persamaan 1'!C49 -> 925.13809
A49: 2024 | B49: ='Persamaan 1'!C50 -> 951.12686
A50: 2025 | B50: ='Persamaan 1'!C51 -> 977.11563
A51: 2026 | B51: ='Persamaan 1'!C52 -> 1003.1044
A52: 2027 | B52: ='Persamaan 1'!C53 -> 1029.0932

Sheet Data Persamaan 1
A1: Variabel | B1: Koefisien Regresi
A2: HGSU_HFSU | B2: -423.958 | G2: APSU | H2: HGSU_HFSU | I2: AISU | J2: CHSU | K2: YISU | L2: APSUT
A3: AISU | B3: 0.5268 | F3: Average | G3: =AVERAGE('Persamaan 1'!C3:C48) -> 670.25198 | H3: =AVERAGE('Persamaan 1'!G3:G48) -> 2.3192639 | I3: =AVERAGE('Persamaan 1'!H3:H48) -> 198.54989 | J3: =AVERAGE('Persamaan 1'!I3:I48) -> 2157.1904 | K3: =AVERAGE('Persamaan 1'!J3:J48) -> 48.845952 | L3: =AVERAGE('Persamaan 1'!K3:K48) -> 645150.83
A4: CHSU | B4: -0.0685 | F4: Average x/ Average y | H4: =H3/$G$3 -> 0.0034602866 | I4: =I3/$G$3 -> 0.2962317 | J4: =J3/$G$3 -> 3.2184768 | K4: =K3/$G$3 -> 0.072876997 | L4: =L3/$G$3 -> 962.54968
A5: YISU | B5: 27.607 | F5: Koef | H5: -423.958 | I5: 0.5268 | J5: -0.0685 | K5: 27607 | L5: 0.001
A6: APSUT | B6: 0.001 | F6: ESR | H6: =H5*H4 -> -1.4670162 | I6: =I5*I4 -> 0.15605486 | J6: =J5*J4 -> -0.22046566 | K6: =K5*K4 -> 2011.9153
A7: C | B7: -77.277 | F7: ELR | H7: =H6/(1-$L$5) -> -1.4684847 | I7: =I6/(1-$L$5) -> 0.15621107 | J7: =J6/(1-$L$5) -> -0.22068634 | K7: =K6/(1-$L$5) -> 2013.9292
A12: Variabel | B12: Koefisien Regresi | C12: Prob. | D12: Elastisitas | F12: Nama Variabel
D13: Esr | E13: Elr
A14: HGSU_HFSU | B14: -423958 | C14: 2311 | D14: -1.4670162 | E14: -1.4684847 | F14: Harga pedagang besar Indonesia_Harga pupuk di Provinsi Sumatera Utara
A15: AISU | B15: 0.5268 | C15: 0.0036 (a) | D15: 0.15605486 | E15: 0.15621107 | F15: Luas areal sawah beririgrasi di Provinsi Sumatera Utara
A16: CHSU | B16: -0.0685 | C16: 0.2869 | D16: -0.22046566 | E16: -0.22068634 | F16: Jumlah Curah hujan rata-rata di Provinsi Sumatera Utara
A17: YISU | B17: 27607 | C17: 0.1402 | D17: 2011.9153 | E17: 2013.9292 | F17: Produktifitas padi sawah di Provinsi Sumatera Utara
A18: APSUT | B18: 0.001 | C18: 0.0015 (a) | F18: Luas areal padi sawah di Provinsi Sumatera Utara per tahun
A19: C | B19: -77277 | C19: 0.8122
A20: R-sq : 0.8555 F- hit : 14.673 Prob F < 0.000 DW : 0.538

Sheet Persamaan 2
B1: Y_YISU | D1: X1_HGSU/HFSU | G1: X2_AISU | H1: X3_JPSU | I1: X4_YISU_t-1 | J1: X5_APSU_t-1 | L1: Nilai Aktual | M1: Nilai Prediksi | N1: Nilai Aktual-Nilai Prediksi
D2: HGSU | E2: HFSU | F2: HGSU/HFSU
A3: 2000 | B3: 31.33 | D3: 1890 | E3: 1050 | F3: 1.8 | G3: 61.811 | H3: 129 | I3: 32.06 | J3: 371848 | L3: 31.33 | M3: -3016.6215 | N3: 3047.9515 | O3: 9290008.6
B4: 33.465 | D4: 1984.5 | E4: 1075 | F4: 1.8460465 | G4: 66.429 | H4: 128 | I4: 31.695 | J4: 373823 | L4: 33.465 | M4: -3033.2825 | N4: 3066.7475 | O4: 9404940.5
A5: 2001 | B5: 35.6 | C5: 0.13629109 | D5: 2079 | E5: 1100 | F5: 1.89 | G5: 71.047 | H5: 127 | I5: 31.33 | J5: 375798 | L5: 35.6 | M5: -3049.9311 | N5: 3085.5311 | O5: 9520502.2
B6: 37.19 | C6: 0.11889563 | D6: 2146.5 | E6: 1125 | F6: 1.908 | G6: 78.323 | H6: 128 | I6: 33.465 | J6: 377773 | L6: 37.19 | M6: -3064.4838 | N6: 3101.6738 | O6: 9620380.7
A7: 2002 | B7: 38.78 | C7: 0.10150016 | D7: 2214 | E7: 1150 | F7: 1.9252174 | G7: 85.599 | H7: 129 | I7: 35.6 | J7: 379748 | L7: 38.78 | M7: -3079.0319 | N7: 3117.8119 | O7: 9720751.3
B8: 40.285 | C8: 0.098787105 | D8: 2366.5 | E8: 1175 | F8: 2.0140426 | G8: 90.3545 | H8: 127.5 | I8: 37.19 | J8: 399448 | L8: 40.285 | M8: -3239.1436 | N8: 3279.4286 | O8: 10754652
A9: 2003 | B9: 41.79 | C9: 0.09607405 | D9: 2519 | E9: 1200 | F9: 2.0991667 | G9: 95.11 | H9: 126 | I9: 38.78 | J9: 419148 | L9: 41.79 | M9: -3399.2332 | N9: 3441.0232 | O9: 11840641
B10: 44.64 | C10: 0.13900415 | D10: 2630 | E10: 1225 | F10: 2.1469388 | G10: 101.5945 | H10: 123 | I10: 40.285 | J10: 428793.5 | L10: 44.64 | M10: -3477.0944 | N10: 3521.7344 | O10: 12402613
A11: 2004 | B11: 47.49 | C11: 0.18193425 | D11: 2741 | E11: 1250 | F11: 2.1928 | G11: 108.079 | H11: 120 | I11: 41.79 | J11: 438439 | L11: 47.49 | M11: -3554.9441 | N11: 3602.4341 | O11: 12977532
B12: 48.535 | C12: 0.12432174 | D12: 2770.5 | E12: 1275 | F12: 2.1729412 | G12: 112.7785 | H12: 123.5 | I12: 44.64 | J12: 455957.5 | L12: 48.535 | M12: -3695.5989 | N12: 3744.1339 | O12: 14018538
A13: 2005 | B13: 49.58 | C13: 0.066709224 | D13: 2800 | E13: 1300 | F13: 2.1538462 | G13: 117.478 | H13: 127 | I13: 47.49 | J13: 473476 | L13: 49.58 | M13: -3836.2581 | N13: 3885.8381 | O13: 15099738
B14: 49.265 | C14: 0.023300351 | D14: 2830 | E14: 1325 | F14: 2.1358491 | G14: 127.844 | H14: 126.5 | I14: 48.535 | J14: 486990 | L14: 49.265 | M14: -3945.6209 | N14: 3994.8859 | O14: 15959113
A15: 2006 | B15: 48.95 | C15: -0.020108522 | D15: 2860 | E15: 1350 | F15: 2.1185185 | G15: 138.21 | H15: 126 | I15: 49.58 | J15: 500504 | L15: 48.95 | M15: -4054.9876 | N15: 4103.9376 | O15: 16842303
B16: 49.235 | C16: -0.00095754868 | D16: 2993 | E16: 1375 | F16: 2.1767273 | G16: 156.5795 | H16: 123 | I16: 49.265 | J16: 511475.5 | L16: 49.235 | M16: -4145.0714 | N16: 4194.3064 | O16: 17592206
A17: 2007 | B17: 49.52 | C17: 0.018193425 | D17: 3126 | E17: 1400 | F17: 2.2328571 | G17: 174.949 | H17: 120 | I17: 48.95 | J17: 522447 | L17: 49.52 | M17: -4235.1429 | N17: 4284.6629 | O17: 18358336
B18: 50.14 | C18: 0.028886052 | D18: 3194.5 | E18: 1425 | F18: 2.2417544 | G18: 186.8775 | H18: 123.5 | I18: 49.235 | J18: 546714 | L18: 50.14 | M18: -4432.9854 | N18: 4483.1254 | O18: 20098414
A19: 2008 | B19: 50.76 | C19: 0.039578679 | D19: 3263 | E19: 1450 | F19: 2.2503448 | G19: 198.806 | H19: 127 | I19: 49.52 | J19: 570981 | L19: 50.76 | M19: -4630.8261 | N19: 4681.5861 | O19: 21917249
B20: 51.47 | C20: 0.042451325 | D20: 3380.5 | E20: 1475 | F20: 2.2918644 | G20: 206.288 | H20: 129.5 | I20: 50.14 | J20: 593463 | L20: 51.47 | M20: -4814.0642 | N20: 4865.5342 | O20: 23673423
A21: 2009 | B21: 52.18 | C21: 0.045323971 | D21: 3498 | E21: 1500 | F21: 2.332 | G21: 213.77 | H21: 132 | I21: 50.76 | J21: 615945 | L21: 52.18 | M21: -4997.294 | N21: 5049.474 | O21: 25497188
B22: 50.065 | C22: -0.044845196 | D22: 3572.5 | E22: 1575 | F22: 2.268254 | G22: 237.2325 | H22: 126 | I22: 51.47 | J22: 638061 | L22: 50.065 | M22: -5176.8399 | N22: 5226.9049 | O22: 27320535
A23: 2010 | B23: 47.95 | C23: -0.13501436 | D23: 3647 | E23: 1650 | F23: 2.210303 | G23: 260.695 | H23: 120 | I23: 52.18 | J23: 660177 | L23: 47.95 | M23: -5356.4202 | N23: 5404.3702 | O23: 29207217
B24: 48.44 | C24: -0.05186722 | D24: 3713.5 | E24: 1675 | F24: 2.2170149 | G24: 275.1785 | H24: 122.5 | I24: 50.065 | J24: 674289 | L24: 48.44 | M24: -5473.1869 | N24: 5521.6269 | O24: 30488363
A25: 2011 | B25: 48.93 | C25: 0.031279923 | D25: 3780 | E25: 1700 | F25: 2.2235294 | G25: 289.662 | H25: 125 | I25: 47.95 | J25: 688401 | L25: 48.93 | M25: -5589.9524 | N25: 5638.8824 | O25: 31796994
B26: 49.33 | C26: 0.028407277 | D26: 3931 | E26: 1775 | F26: 2.2146479 | G26: 289.662 | H26: 130 | I26: 48.44 | J26: 695784.5 | L26: 49.33 | M26: -5649.7571 | N26: 5699.0871 | O26: 32479594
A27: 2012 | B27: 49.73 | C27: 0.025534631 | D27: 4082 | E27: 1850 | F27: 2.2064865 | G27: 289.662 | H27: 135 | I27: 48.93 | J27: 703168 | L27: 49.73 | M27: -5709.5662 | N27: 5759.2962 | O27: 33169493
B28: 50.47 | C28: 0.03638685 | D28: 4352.5 | E28: 1875 | F28: 2.3213333 | G28: 281.357 | H28: 151 | I28: 49.33 | J28: 708737.5 | L28: 50.47 | M28: -5755.3218 | N28: 5805.7918 | O28: 33707218
A29: 2013 | B29: 51.21 | C29: 0.047239068 | D29: 4623 | E29: 1900 | F29: 2.4331579 | G29: 273.052 | H29: 167 | I29: 49.73 | J29: 714307 | L29: 51.21 | M29: -5801.0594 | N29: 5852.2694 | O29: 34249057
B30: 51.395 | C30: 0.029524417 | D30: 4780.5 | E30: 1925 | F30: 2.4833766 | G30: 272.409 | H30: 159 | I30: 50.47 | J30: 705825.5 | L30: 51.395 | M30: -5731.6226 | N30: 5783.0176 | O30: 33443292
A31: 2014 | B31: 51.58 | C31: 0.011809767 | D31: 4938 | E31: 1950 | F31: 2.5323077 | G31: 271.766 | H31: 151 | I31: 51.21 | J31: 697344 | L31: 51.58 | M31: -5662.1781 | N31: 5713.7581 | O31: 32647032
B32: 52.225 | C32: 0.02649218 | D32: 5050.5 | E32: 1950 | F32: 2.59 | G32: 267.8545 | H32: 137 | I32: 51.395 | J32: 687034 | L32: 52.225 | M32: -5578.3466 | N32: 5630.5716 | O32: 31703337
A33: 2015 | B33: 52.87 | C33: 0.041174593 | D33: 5163 | E33: 1950 | F33: 2.6476923 | G33: 263.943 | H33: 123 | I33: 51.58 | J33: 676724 | L33: 52.87 | M33: -5494.5151 | N33: 5547.3851 | O33: 30773482
B34: 52.97 | C34: 0.023779125 | D34: 5244 | E34: 1975 | F34: 2.6551899 | G34: 262.7065 | H34: 122.5 | I34: 52.225 | J34: 704267.5 | L34: 52.97 | M34: -5718.9134 | N34: 5771.8834 | O34: 33314638
A35: 2016 | B35: 53.07 | C35: 0.0063836578 | D35: 5325 | E35: 2000 | F35: 2.6625 | G35: 261.47 | H35: 122 | I35: 52.87 | J35: 731811 | L35: 53.07 | M35: -5943.3106 | N35: 5996.3806 | O35: 35956581
B36: 53.55 | C36: 0.018512608 | D36: 5637 | E36: 2075 | F36: 2.7166265 | G36: 260.7455 | H36: 123.5 | I36: 52.97 | J36: 779253.4 | L36: 53.55 | M36: -6330.8201 | N36: 6384.3701 | O36: 40760181
A37: 2017 | B37: 54.03 | C37: 0.030641558 | D37: 5949 | E37: 2150 | F37: 2.7669767 | G37: 260.021 | H37: 125 | I37: 53.07 | J37: 826695.8 | L37: 54.03 | M37: -6718.3071 | N37: 6772.3371 | O37: 45864550
B38: 53.1 | C38: -0.01436323 | D38: 5806 | E38: 2175 | F38: 2.6694253 | G38: 212.2885 | H38: 130 | I38: 53.55 | J38: 845489.55 | L38: 53.1 | M38: -6870.9604 | N38: 6924.0604 | O38: 47942612
A39: 2018 | B39: 52.17 | C39: -0.059368018 | D39: 5663 | E39: 2200 | F39: 2.5740909 | G39: 164.556 | H39: 135 | I39: 54.03 | J39: 864283.3 | L39: 52.17 | M39: -7023.6268 | N39: 7075.7968 | O39: 50066901
B40: 50.65 | C40: -0.078199808 | D40: 5683 | E40: 2225 | F40: 2.5541573 | G40: 171.464 | H40: 134 | I40: 53.1 | J40: 879216.7 | L40: 50.65 | M40: -7146.0964 | N40: 7196.7464 | O40: 51793159
A41: 2019 | B41: 49.13 | C41: -0.097031599 | D41: 5703 | E41: 2250 | F41: 2.5346667 | G41: 178.372 | H41: 133 | I41: 52.17 | J41: 894150.1 | L41: 49.13 | M41: -7268.5686 | N41: 7317.6986 | O41: 53548713
B42: 49.695 | C42: -0.030481966 | D42: 5546 | E42: 2325 | F42: 2.3853763 | G42: 182.831 | H42: 130 | I42: 50.65 | J42: 854623.05 | L42: 49.695 | M42: -6946.1869 | N42: 6995.8819 | O42: 48942363
A43: 2020 | B43: 50.26 | C43: 0.036067667 | D43: 5389 | E43: 2400 | F43: 2.2454167 | G43: 187.29 | H43: 127 | I43: 49.13 | J43: 815096 | L43: 50.26 | M43: -6623.8606 | N43: 6674.1206 | O43: 44543886
B44: 49.9775 | C44: 0.0090169167 | D44: 5467.5 | E44: 2362.5 | F44: 2.3142857 | G44: 185.0605 | H44: 128.5 | I44: 49.695 | J44: 835473.4 | L44: 49.9775 | M44: -6790.1774 | N44: 6840.1549 | O44: 46787720
A45: 2021 | B45: 53.76 | C45: 0.11171401 | D45: 6145.8095 | E45: 2389.6922 | F45: 2.5717996 | G45: 279.30988 | H45: 134.21603 | I45: 50.26 | J45: 855850.8 | L45: 53.76 | M45: -6957.1259 | N45: 7010.8859 | O45: 49152521
B46: 52.11 | C46: 0.068065752 | D46: 6249.6766 | E46: 2423.169 | F46: 2.5791336 | G46: 283.45142 | H46: 134.42043 | I46: 49.9775 | J46: 845662.1 | L46: 52.11 | M46: -6874.1941 | N46: 6926.3041 | O46: 47973689
A47: 2022 | B47: 50.33 | C47: -0.10947973 | D47: 6353.5437 | E47: 2456.6459 | F47: 2.5862677 | G47: 287.59296 | H47: 134.62483 | I47: 55.468403 | J47: 919832.86 | L47: 50.33 | M47: -7475.469 | N47: 7525.799 | O47: 56637650
B48: 50.33 | C48: -0.056814555 | D48: 6457.4109 | E48: 2490.1227 | F48: 2.5932099 | G48: 291.7345 | H48: 134.82923 | I48: 55.808016 | J48: 932608.77 | L48: 50.33 | M48: -7579.5189 | N48: 7629.8489 | O48: 58214594
A49: 2023 | B49: 56.006381 | C49: 0.18341465 | N49: Total | O49: 1.3770739e+09
A50: 2024 | B50: 56.738952 | C50: 0.023382427 | N50: MSE | O50: 29936389
A51: 2025 | B51: 57.471524 | C51: 0.023382427 | F51: Koefisien | N51: RMSE | O51: 5471.4156
A52: 2026 | B52: 58.204095 | C52: 0.023382427
A53: 2027 | B53: 58.936667 | C53: 0.023382427 | F53: X1_HGSU/HFSU | G53: -5.94743
C54: 0.029014159 | F54: X2_AISU | G54: 0.004742
F55: X3_JPSU | G55: 0.007783
F56: X4_YISU_t-1 | G56: 0.765316
F57: X5_APSU_t-1 | G57: -0.008163
F59: Konstan | G59: 3.645916

Sheet Eq2
A1: Time | B1: Ex-Ante | C1: Ex-Post
A2: 2000 | B2: ='Persamaan 2'!B3 -> 31.33 | C2: ='Persamaan 2'!M3 -> -3016.6215
A3: 2000 | B3: ='Persamaan 2'!B4 -> 33.465 | C3: ='Persamaan 2'!M4 -> -3033.2825
A4: 2001 | B4: ='Persamaan 2'!B5 -> 35.6 | C4: ='Persamaan 2'!M5 -> -3049.9311
A5: 2001 | B5: ='Persamaan 2'!B6 -> 37.19 | C5: ='Persamaan 2'!M6 -> -3064.4838
A6: 2002 | B6: ='Persamaan 2'!B7 -> 38.78 | C6: ='Persamaan 2'!M7 -> -3079.0319
A7: 2002 | B7: ='Persamaan 2'!B8 -> 40.285 | C7: ='Persamaan 2'!M8 -> -3239.1436
A8: 2003 | B8: ='Persamaan 2'!B9 -> 41.79 | C8: ='Persamaan 2'!M9 -> -3399.2332
A9: 2003 | B9: ='Persamaan 2'!B10 -> 44.64 | C9: ='Persamaan 2'!M10 -> -3477.0944
A10: 2004 | B10: ='Persamaan 2'!B11 -> 47.49 | C10: ='Persamaan 2'!M11 -> -3554.9441
A11: 2004 | B11: ='Persamaan 2'!B12 -> 48.535 | C11: ='Persamaan 2'!M12 -> -3695.5989
A12: 2005 | B12: ='Persamaan 2'!B13 -> 49.58 | C12: ='Persamaan 2'!M13 -> -3836.2581
A13: 2005 | B13: ='Persamaan 2'!B14 -> 49.265 | C13: ='Persamaan 2'!M14 -> -3945.6209
... A47: 2022 | B47: ='Persamaan 2'!B48 -> 50.33 | C47: ='Persamaan 2'!M48 -> -7579.5189
A48: 2023 | B48: ='Persamaan 2'!B49 -> 56.006381
A49: 2024 | B49: ='Persamaan 2'!B50 -> 56.738952
A50: 2025 | B50: ='Persamaan 2'!B51 -> 57.471524
A51: 2026 | B51: ='Persamaan 2'!B52 -> 58.204095
A52: 2027 | B52: ='Persamaan 2'!B53 -> 58.936667

Sheet Data Persamaan 2
A1: Variabel | B1: Koefisien Regresi
A2: X1_HGSU/HFSU | B2: -5.94743 | G2: YISU | H2: HGSU_HFSU | I2: AISU | J2: JPSU | K2: APSUT | L2: YISUT
A3: X2_AISU | B3: 0.004742 | F3: Average | G3: =AVERAGE('Persamaan 2'!B3:B48) -> 48.468098 | H3: =AVERAGE('Persamaan 2'!F3:F48) -> 2.3192639 | I3: =AVERAGE('Persamaan 2'!G3:G48) -> 198.54989 | J3: =AVERAGE('Persamaan 2'!H3:H48) -> 130.23023 | K3: =AVERAGE('Persamaan 2'!J3:J48) -> 645150.83 | L3: =AVERAGE('Persamaan 2'!I3:I48) -> 47.783346
A4: X3_JPSU | B4: 0.007783 | F4: Average x/ Average y | H4: =H3/$G$3 -> 0.047851351 | I4: =I3/$G$3 -> 4.0965067 | J4: =J3/$G$3 -> 2.6869267 | K4: =K3/$G$3 -> 13310.835 | L4: =L3/$G$3 -> 0.98587211
A5: X4_YISU_t-1 | B5: 0.765316 | F5: Koef | H5: =B2 -> -5.94743 | I5: =B3 -> 0.004742 | J5: =B4 -> 0.007783 | K5: =B6 -> -0.008163 | L5: =B5 -> 0.765316
A6: X5_APSU_t-1 | B6: -0.008163 | F6: ESR | H6: =H5*H4 -> -0.28459256 | I6: =I5*I4 -> 0.019425635 | J6: =J5*J4 -> 0.020912351 | K6: =K5*K4 -> -108.65634
A7: C | B7: 3.645916 | F7: ELR | H7: =H6/(1-$L$5) -> -1.2126628 | I7: =I6/(1-$L$5) -> 0.082773579 | J7: =J6/(1-$L$5) -> 0.08910855 | K7: =K6/(1-$L$5) -> -462.98999
A12: Variabel | B12: Koefisien Regresi | C12: Prob. | D12: Elastisitas | F12: Nama Variabel
D13: Esr | E13: Elr
A14: HGSU_HFSU | B14: -5956 | C14: 0.1088 | D14: -0.28459256 | E14: -1.2126628 | F14: Harga pedagang besar indonesia_Harga pupuk di Provinsi Sumatera Utara
A15: AISU | B15: 0.004 | C15: 0.036(a) | D15: 0.019425635 | E15: 0.082773579 | F15: Luas areal sawah beririgrasi di Sumatera Utara
A16: JPSU | B16: -0.008 | C16: 0.028(a) | D16: 0.020912351 | E16: 0.08910855 | F16: Penggunaan pupuk di Provinsi Sumatera Utara
A17: YISUt | B17: 0.781 | C17: 0.000(a) | D17: -108.65634 | E17: -462.98999 | F17: Produktifitas padi sawah di Provinsi Sumatera Utara tahun t
A18: APSU | B18: -0.008 | C18: 0.1895 | F18: Luas areal padi sawah di Provinsi Sumatera Utara
A19: C | B19: 3753 | C19: 0.6353
A20: R-sq : 0.9042 F- hit : 34.826 Prob F < 0.000 DW : 1.914

Sheet Persamaan 3
C1: Y_JPSU | E1: X1_HGSU/HFSU | H1: X2_ATSU | I1: X3_JPSU_t-1 | K1: Nlai Aktual | L1: Nilai Prediksi
E2: HGSU | F2: HFSU | G2: HGSU/HFSU
A3: 2000 | B3: 1 | C3: 129 | E3: 1890 | F3: 1050 | G3: 1.8 | H3: 2.64 | I3: 131 | K3: 129 | L3: 109.29538 | M3: 19.704622
B4: 2 | C4: 128 | D4: -0.007751938 | E4: 1984.5 | F4: 1075 | G4: 1.8460465 | H4: 2.685 | I4: 130 | K4: 128 | L4: 108.62631 | M4: 19.373688
A5: 2001 | B5: 1 | C5: 127 | D5: -0.007751938 | E5: 2079 | F5: 1100 | G5: 1.89 | H5: 2.73 | I5: 129 | K5: 127 | L5: 107.96826 | M5: 19.031744
B6: 2 | C6: 128 | D6: 0.007751938 | E6: 2146.5 | F6: 1125 | G6: 1.908 | H6: 2.8 | I6: 128 | K6: 128 | L6: 107.44163 | M6: 20.558373
A7: 2002 | B7: 1 | C7: 129 | D7: 0.007751938 | E7: 2214 | F7: 1150 | G7: 1.9252174 | H7: 2.87 | I7: 127 | K7: 129 | L7: 106.91912 | M7: 22.080885
B8: 2 | C8: 127.5 | D8: -0.011627907 | E8: 2366.5 | F8: 1175 | G8: 2.0140426 | H8: 2.805 | I8: 128 | K8: 127.5 | L8: 106.88279 | M8: 20.617214
A9: 2003 | B9: 1 | C9: 126 | D9: -0.011627907 | E9: 2519 | F9: 1200 | G9: 2.0991667 | H9: 2.74 | I9: 129 | K9: 126 | L9: 106.86593 | M9: 19.134074
B10: 2 | C10: 123 | D10: -0.023255814 | E10: 2630 | F10: 1225 | G10: 2.1469388 | H10: 2.805 | I10: 127.5 | K10: 123 | L10: 105.97487 | M10: 17.02513
A11: 2004 | B11: 1 | C11: 120 | D11: -0.023255814 | E11: 2741 | F11: 1250 | G11: 2.1928 | H11: 2.87 | I11: 126 | K11: 120 | L11: 105.09387 | M11: 14.906134
B12: 2 | C12: 123.5 | D12: 0.027131783 | E12: 2770.5 | F12: 1275 | G12: 2.1729412 | H12: 2.905 | I12: 123 | K12: 123.5 | L12: 103.93819 | M12: 19.561814
A13: 2005 | B13: 1 | C13: 127 | D13: 0.027131783 | E13: 2800 | F13: 1300 | G13: 2.1538462 | H13: 2.94 | I13: 120 | K13: 127 | L13: 102.77849 | M13: 24.221511
B14: 2 | C14: 126.5 | D14: -0.003875969 | E14: 2830 | F14: 1325 | G14: 2.1358491 | H14: 3.005 | I14: 123.5 | K14: 126.5 | L14: 104.32175 | M14: 22.178252
A15: 2006 | B15: 1 | C15: 126 | D15: -0.003875969 | E15: 2860 | F15: 1350 | G15: 2.1185185 | H15: 3.07 | I15: 127 | K15: 126 | L15: 105.8615 | M15: 20.138499
B16: 2 | C16: 123 | D16: -0.023255814 | E16: 2993 | F16: 1375 | G16: 2.1767273 | H16: 3.16 | I16: 126.5 | K16: 123 | L16: 105.32812 | M16: 17.671885
A17: 2007 | B17: 1 | C17: 120 | D17: -0.023255814 | E17: 3126 | F17: 1400 | G17: 2.2328571 | H17: 3.25 | I17: 126 | K17: 120 | L17: 104.80567 | M17: 15.194334
B18: 2 | C18: 123.5 | D18: 0.027131783 | E18: 3194.5 | F18: 1425 | G18: 2.2417544 | H18: 3.285 | I18: 123 | K18: 123.5 | L18: 103.49872 | M18: 20.00128
A19: 2008 | B19: 1 | C19: 127 | D19: 0.027131783 | E19: 3263 | F19: 1450 | G19: 2.2503448 | H19: 3.32 | I19: 120 | K19: 127 | L19: 102.19339 | M19: 24.806613
B20: 2 | C20: 129.5 | D20: 0.019379845 | E20: 3380.5 | F20: 1475 | G20: 2.2918644 | H20: 3.57 | I20: 123.5 | K20: 129.5 | L20: 103.38584 | M20: 26.114156
A21: 2009 | B21: 1 | C21: 132 | D21: 0.019379845 | E21: 3498 | F21: 1500 | G21: 2.332 | H21: 3.82 | I21: 127 | K21: 132 | L21: 104.58558 | M21: 27.414419
B22: 2 | C22: 126 | D22: -0.046511628 | E22: 3572.5 | F22: 1575 | G22: 2.268254 | H22: 3.915 | I22: 129.5 | K22: 126 | L22: 105.94571 | M22: 20.054291
A23: 2010 | B23: 1 | C23: 120 | D23: -0.046511628 | E23: 3647 | F23: 1650 | G23: 2.210303 | H23: 4.01 | I23: 132 | K23: 120 | L23: 107.27535 | M23: 12.724647
B24: 2 | C24: 122.5 | D24: 0.019379845 | E24: 3713.5 | F24: 1675 | G24: 2.2170149 | H24: 4.12 | I24: 126 | K24: 122.5 | L24: 104.7116 | M24: 17.788397
A25: 2011 | B25: 1 | C25: 125 | D25: 0.019379845 | E25: 3780 | F25: 1700 | G25: 2.2235294 | H25: 4.23 | I25: 120 | K25: 125 | L25: 102.14889 | M25: 22.85111
B26: 2 | C26: 130 | D26: 0.03875969 | E26: 3931 | F26: 1775 | G26: 2.2146479 | H26: 4.495 | I26: 122.5 | K26: 130 | L26: 103.18575 | M26: 26.814252
A27: 2012 | B27: 1 | C27: 135 | D27: 0.03875969 | E27: 4082 | F27: 1850 | G27: 2.2064865 | H27: 4.76 | I27: 125 | K27: 135 | L27: 104.21882 | M27: 30.781183
B28: 2 | C28: 151 | D28: 0.12403101 | E28: 4352.5 | F28: 1875 | G28: 2.3213333 | H28: 5.065 | I28: 130 | K28: 151 | L28: 105.64083 | M28: 45.359166
A29: 2013 | B29: 1 | C29: 167 | D29: 0.12403101 | E29: 4623 | F29: 1900 | G29: 2.4331579 | H29: 5.37 | I29: 135 | K29: 167 | L29: 107.07875 | M29: 59.92125
B30: 2 | C30: 159 | D30: -0.062015504 | E30: 4780.5 | F30: 1925 | G30: 2.4833766 | H30: 5.79 | I30: 151 | K30: 159 | L30: 113.41164 | M30: 45.588355
A31: 2014 | B31: 1 | C31: 151 | D31: -0.062015504 | E31: 4938 | F31: 1950 | G31: 2.5323077 | H31: 6.21 | I31: 167 | K31: 151 | L31: 119.75131 | M31: 31.248687
B32: 2 | C32: 137 | D32: -0.10852713 | E32: 5050.5 | F32: 1950 | G32: 2.59 | H32: 6.97 | I32: 159 | K32: 137 | L32: 115.95151 | M32: 21.048491
A33: 2015 | B33: 1 | C33: 123 | D33: -0.10852713 | E33: 5163 | F33: 1950 | G33: 2.6476923 | H33: 7.73 | I33: 151 | K33: 123 | L33: 112.15171 | M33: 10.848294
B34: 2 | C34: 122.5 | D34: -0.003875969 | E34: 5244 | F34: 1975 | G34: 2.6551899 | H34: 8.13 | I34: 137 | K34: 122.5 | L34: 106.18334 | M34: 16.316663
A35: 2016 | B35: 1 | C35: 122 | D35: -0.003875969 | E35: 5325 | F35: 2000 | G35: 2.6625 | H35: 8.53 | I35: 123 | K35: 122 | L35: 100.21595 | M35: 21.784046
B36: 2 | C36: 123.5 | D36: 0.011627907 | E36: 5637 | F36: 2075 | G36: 2.7166265 | H36: 8.98 | I36: 122.5 | K36: 123.5 | L36: 99.630637 | M36: 23.869363
A37: 2017 | B37: 1 | C37: 125 | D37: 0.011627907 | E37: 5949 | F37: 2150 | G37: 2.7669767 | H37: 9.43 | I37: 122 | K37: 125 | L37: 99.065184 | M37: 25.934816
B38: 2 | C38: 130 | D38: 0.03875969 | E38: 5806 | F38: 2175 | G38: 2.6694253 | H38: 9.835 | I38: 123.5 | K38: 130 | L38: 100.12226 | M38: 29.877739
A39: 2018 | B39: 1 | C39: 135 | D39: 0.03875969 | E39: 5663 | F39: 2200 | G39: 2.5740909 | H39: 10.24 | I39: 125 | K39: 135 | L39: 101.16768 | M39: 33.832325
B40: 2 | C40: 134 | D40: -0.007751938 | E40: 5683 | F40: 2225 | G40: 2.5541573 | H40: 10.845 | I40: 130 | K40: 134 | L40: 103.23751 | M40: 30.762486
A41: 2019 | B41: 1 | C41: 133 | D41: -0.007751938 | E41: 5703 | F41: 2250 | G41: 2.5346667 | H41: 11.45 | I41: 135 | K41: 133 | L41: 105.30502 | M41: 27.694977
B42: 2 | C42: 130 | D42: -0.023255814 | E42: 5546 | F42: 2325 | G42: 2.3853763 | H42: 11.615 | I42: 134 | K42: 130 | L42: 105.63903 | M42: 24.36097
A43: 2020 | B43: 1 | C43: 127 | D43: -0.023255814 | E43: 5389 | F43: 2400 | G43: 2.2454167 | H43: 11.78 | I43: 133 | K43: 127 | L43: 105.92395 | M43: 21.076045
B44: 2 | C44: 128.5 | D44: 0.011627907 | E44: 5467.5 | F44: 2362.5 | G44: 2.3142857 | H44: 11.6975 | I44: 130 | K44: 128.5 | L44: 104.32549 | M44: 24.174506
A45: 2021 | B45: 1 | C45: 121.85621 | D45: -0.051502255 | E45: 6145.8095 | F45: 2389.6922 | G45: 2.5717996 | H45: 10.610215 | I45: 127 | K45: 121.85621 | L45: 101.93958 | M45: 19.916632
B46: 2 | C46: 120.45218 | D46: -0.010883913 | E46: 6249.6766 | F46: 2423.169 | G46: 2.5791336 | H46: 10.846274 | I46: 128.5 | K46: 120.45218 | L46: 102.47937 | M46: 17.972818
A47: 2022 | B47: 1 | C47: 129.04816 | D47: 0.066635467 | E47: 6353.5437 | F47: 2456.6459 | G47: 2.5862677 | H47: 11.082333 | I47: 134.21603 | K47: 129.04816 | L47: 104.78111 | M47: 24.267047
B48: 2 | C48: 127.64413 | D48: -0.010883913 | E48: 6457.4109 | F48: 2490.1227 | G48: 2.5932099 | H48: 11.318393 | I48: 134.42043 | K48: 127.64413 | L48: 104.78183 | M48: 22.862304
B49: 2023 | C49: 134.3381 | D49: 0.11114803 | L49: Total | M49: 1099.4655
B50: 2024 | C50: 134.74978 | D50: 0.0031913823 | F50: Koefisien | L50: MSE | M50: 23.901424
B51: 2025 | C51: 135.16147 | D51: 0.0031913823 | L51: RSME | M51: 4.8889082
B52: 2026 | C52: 135.57316 | D52: 0.0031913823 | F52: X1_HGSU/HFSU | G52: -5.260359
B53: 2027 | C53: 135.98485 | D53: 0.0031913823 | F53: X2_ATSU | G53: -0.203907
D54: 0.0022680594 | F54: X3_JPSU_t-1 | G54: 0.417669
F56: Konstan | G56: 64.5877

Sheet Eq3
A1: Time | B1: Ex-Ante | C1: Ex-Post
A2: 2000 | B2: ='Persamaan 3'!C3 -> 129 | C2: ='Persamaan 3'!L3 -> 109.29538
A3: 2000 | B3: ='Persamaan 3'!C4 -> 128 | C3: ='Persamaan 3'!L4 -> 108.62631
A4: 2001 | B4: ='Persamaan 3'!C5 -> 127 | C4: ='Persamaan 3'!L5 -> 107.96826
A5: 2001 | B5: ='Persamaan 3'!C6 -> 128 | C5: ='Persamaan 3'!L6 -> 107.44163
A6: 2002 | B6: ='Persamaan 3'!C7 -> 129 | C6: ='Persamaan 3'!L7 -> 106.91912
A7: 2002 | B7: ='Persamaan 3'!C8 -> 127.5 | C7: ='Persamaan 3'!L8 -> 106.88279
A8: 2003 | B8: ='Persamaan 3'!C9 -> 126 | C8: ='Persamaan 3'!L9 -> 106.86593
A9: 2003 | B9: ='Persamaan 3'!C10 -> 123 | C9: ='Persamaan 3'!L10 -> 105.97487
A10: 2004 | B10: ='Persamaan 3'!C11 -> 120 | C10: ='Persamaan 3'!L11 -> 105.09387
A11: 2004 | B11: ='Persamaan 3'!C12 -> 123.5 | C11: ='Persamaan 3'!L12 -> 103.93819
A12: 2005 | B12: ='Persamaan 3'!C13 -> 127 | C12: ='Persamaan 3'!L13 -> 102.77849
A13: 2005 | B13: ='Persamaan 3'!C14 -> 126.5 | C13: ='Persamaan 3'!L14 -> 104.32175
... A47: 2022 | B47: ='Persamaan 3'!C48 -> 127.64413 | C47: ='Persamaan 3'!L48 -> 104.78183
A48: 2023 | B48: ='Persamaan 3'!C49 -> 134.3381
A49: 2024 | B49: ='Persamaan 3'!C50 -> 134.74978
A50: 2025 | B50: ='Persamaan 3'!C51 -> 135.16147
A51: 2026 | B51: ='Persamaan 3'!C52 -> 135.57316
A52: 2027 | B52: ='Persamaan 3'!C53 -> 135.98485

Sheet Data Persamaan 3
A1: Variabel | B1: Koefisien Regresi
A2: X1_HGSU/HFSU | B2: -5.260359 | G2: JPSU | H2: HGSU_HFSU | I2: ATSU | J2: JPSUT
A3: X2_ATSU | B3: -0.203907 | F3: Average | G3: =AVERAGE('Persamaan 3'!C3:C48) -> 129.38045 | H3: =AVERAGE('Persamaan 3'!G3:G48) -> 2.3192639 | I3: =AVERAGE('Persamaan 3'!H3:H48) -> 6.007059 | J3: =AVERAGE('Persamaan 3'!I3:I48) -> 130.04644
A4: X3_JPSU_t-1 | B4: 0.417669 | F4: Average x/ Average y | H4: =H3/$G$3 -> 0.017925923 | I4: =I3/$G$3 -> 0.046429418 | J4: =J3/$G$3 -> 1.0051476
A5: C | B5: 64.5877 | F5: Koef | H5: =B2 -> -5.260359 | I5: =B3 -> -0.203907 | J5: =B4 -> 0.417669
F6: ESR | H6: =H5*H4 -> -0.094296789 | I6: =I5*I4 -> -0.0094672834
F7: ELR | H7: =H6/(1-$J$5) -> -0.16192988 | I7: =I6/(1-$J$5) -> -0.016257564
A11: Variabel | B11: Koefisien Regresi | C11: Prob. | D11: Elastisitas | F11: Nama Variabel
D12: Esr | E12: Elr
A13: HGSU_HFSU | B13: -5272 | C13: 0.7017 | D13: -0.094296789 | E13: -0.16192988 | F13: Harga pedagang besar Indonesia_Harga pupuk di Provinsi Sumatera Utara
A14: ATSU | B14: -0.215 | C14: 0.8575 | D14: -0.0094672834 | E14: -0.016257564 | F14: Areal sawah intensifikasi di Sumatera Utara
A15: JPSUT | B15: 0.428 | C15: 0.042(a) | F15: Penggunaan pupuk di Sumatera Utara tahun t
A16: C | B16: 65467 | C16: 0.0888
A17: R-sq : 0.2059 F- hit : 1.437 Prob F < 0.272 DW : 1.547

Sheet Persamaan 4
D1: ANSU | G1: PPSU | H1: KBSU | I1: KKSU | J1: PKSS | K1: PJSU | L1: ANSUt-1
P2: Aktual | Q2: Prediksi
B3: 2000 | C3: 1 | D3: 59.86 | G3: 69.75 | H3: 500 | I3: 90.54 | J3: 2554 | K3: 23514.57 | L3: 59.37 | P3: 59.86 | Q3: 12552.515 | R3: -12492.655
C4: 2 | D4: 59.81 | E4: -0.00083528233 | G4: 69.645 | H4: 501 | I4: 90.44 | J4: 2591 | K4: 24030.025 | L4: 59.615 | P4: 59.81 | Q4: 23830.243 | R4: -23770.433
B5: 2001 | C5: 1 | D5: 59.76 | E5: -0.00083598061 | G5: 69.54 | H5: 502 | I5: 90.34 | J5: 2628 | K5: 24545.48 | L5: 59.86 | P5: 59.76 | Q5: -460823.56 | R5: 460883.32
C6: 2 | D6: 58.7 | E6: -0.017737617 | G6: 69.645 | H6: 510 | I6: 90.56 | J6: 2678.5 | K6: 24925.05 | L6: 59.81 | P6: 58.7 | Q6: 24982.432 | R6: -24923.732
B7: 2002 | C7: 1 | D7: 57.64 | E7: -0.018057922 | G7: 69.75 | H7: 518 | I7: 90.78 | J7: 2729 | K7: 25304.62 | L7: 59.76 | P7: 57.64 | Q7: 210245.64 | R7: -210188
C8: 2 | D8: 58.695 | E8: 0.018303262 | G8: 69.695 | H8: 511 | I8: 90.715 | J8: 2774 | K8: 25790.745 | L8: 58.7 | P8: 58.695 | Q8: 12791.013 | R8: -12732.318
B9: 2003 | C9: 1 | D9: 59.75 | E9: 0.017974274 | G9: 69.64 | H9: 504 | I9: 90.65 | J9: 2819 | K9: 26276.87 | L9: 57.64 | P9: 59.75 | Q9: 26266.472 | R9: -26206.722
C10: 2 | D10: 59.25 | E10: -0.0083682008 | G10: 69.81 | H10: 515.5 | I10: 90.67 | J10: 2858 | K10: 26572.415 | L10: 58.695 | P10: 59.25 | Q10: 31288.679 | R10: -31229.429
B11: 2004 | C11: 1 | D11: 58.75 | E11: -0.0084388186 | G11: 69.98 | H11: 527 | I11: 90.69 | J11: 2897 | K11: 26867.96 | L11: 59.75 | P11: 58.75 | Q11: 26856.491 | R11: -26797.741
C12: 2 | D12: 59.49 | E12: 0.012595745 | G12: 69.81 | H12: 537.5 | I12: 90.85 | J12: 2960.5 | K12: 27198.305 | L12: 59.25 | P12: 59.49 | Q12: 27187.436 | R12: -27127.946
B13: 2005 | C13: 1 | D13: 60.23 | E13: 0.012439065 | G13: 69.64 | H13: 548 | I13: 91.01 | J13: 3024 | K13: 27528.65 | L13: 58.75 | P13: 60.23 | Q13: 27518.38 | R13: -27458.15
C14: 2 | D14: 61.49 | E14: 0.020919807 | G14: 69.82 | H14: 528.5 | I14: 91.22 | J14: 3085.5 | K14: 28072.355 | L14: 59.49 | P14: 61.49 | Q14: 28063.219 | R14: -28001.729
B15: 2006 | C15: 1 | D15: 62.75 | E15: 0.020491137 | G15: 70 | H15: 509 | I15: 91.43 | J15: 3147 | K15: 28616.06 | L15: 60.23 | P15: 62.75 | Q15: 28608.057 | R15: -28545.307
C16: 2 | D16: 62.2 | E16: -0.0087649402 | G16: 70.115 | H16: 502 | I16: 91.54 | J16: 3196 | K16: 29119.655 | L16: 61.49 | P16: 62.2 | Q16: 29111.03 | R16: -29048.83
B17: 2007 | C17: 1 | D17: 61.65 | E17: -0.0088424437 | G17: 70.23 | H17: 495 | I17: 91.65 | J17: 3245 | K17: 29623.25 | L17: 62.75 | P17: 61.65 | Q17: 29614.003 | R17: -29552.353
C18: 2 | D18: 61.315 | E18: -0.0054339011 | G18: 70.385 | H18: 497.5 | I18: 91.7975 | J18: 3295 | K18: 30176.38 | L18: 62.2 | P18: 61.315 | Q18: 30166.681 | R18: -30105.366
B19: 2008 | C19: 1 | D19: 60.98 | E19: -0.0054635897 | G19: 70.54 | H19: 500 | I19: 91.945 | J19: 3345 | K19: 30729.51 | L19: 61.65 | P19: 60.98 | Q19: 30719.359 | R19: -30658.379
C20: 2 | D20: 61.915 | E20: 0.015332896 | G20: 70.66 | H20: 478.5 | I20: 91.9075 | J20: 3396.5 | K20: 31253.85 | L20: 61.315 | P20: 61.915 | Q20: 31244.7 | R20: -31182.785
B21: 2009 | C21: 1 | D21: 62.85 | E21: 0.015101349 | G21: 70.78 | H21: 457 | I21: 91.87 | J21: 3448 | K21: 31778.19 | L21: 60.98 | P21: 62.85 | Q21: 31770.041 | R21: -31707.191
C22: 2 | D22: 60.815 | E22: -0.032378679 | G22: 71.105 | H22: 447.5 | I22: 91.965 | J22: 3487 | K22: 32269.61 | L22: 61.915 | P22: 60.815 | Q22: 32259.37 | R22: -32198.555
B23: 2010 | C23: 1 | D23: 58.78 | E23: -0.033462139 | G23: 71.43 | H23: 438 | I23: 92.06 | J23: 3526 | K23: 32761.03 | L23: 62.85 | P23: 58.78 | Q23: 32748.698 | R23: -32689.918
C24: 2 | D24: 59.625 | E24: 0.014375638 | G24: 71.685 | H24: 456 | I24: 92.295 | J24: 3584.5 | K24: 33302.535 | L24: 60.815 | P24: 59.625 | Q24: 33290.838 | R24: -33231.213
B25: 2011 | C25: 1 | D25: 60.47 | E25: 0.014171908 | G25: 71.94 | H25: 474 | I25: 92.53 | J25: 3643 | K25: 33844.04 | L25: 58.78 | P25: 60.47 | Q25: 33832.977 | R25: -33772.507
C26: 2 | D26: 62.62 | E26: 0.035554821 | G26: 71.955 | H26: 474 | I26: 93.045 | J26: 3668.5 | K26: 33893.405 | L26: 59.625 | P26: 62.62 | Q26: 33884.098 | R26: -33821.478
B27: 2012 | C27: 1 | D27: 64.77 | E27: 0.034334079 | G27: 71.97 | H27: 474 | I27: 93.56 | J27: 3694 | K27: 33942.77 | L27: 60.47 | P27: 64.77 | Q27: 33935.22 | R27: -33870.45
C28: 2 | D28: 62.22 | E28: -0.039370079 | G28: 72.17 | H28: 463 | I28: 93.73 | J28: 3658.5 | K28: 33663.215 | L28: 62.62 | P28: 62.22 | Q28: 33653.004 | R28: -33590.784
B29: 2013 | C29: 1 | D29: 59.67 | E29: -0.040983607 | G29: 72.37 | H29: 452 | I29: 93.9 | J29: 3623 | K29: 33383.66 | L29: 64.77 | P29: 59.67 | Q29: 33370.788 | R29: -33311.118
C30: 2 | D30: 57.46 | E30: -0.037037037 | G30: 73.37 | H30: 495 | I30: 93.975 | J30: 3557 | K30: 35052.845 | L30: 62.22 | P30: 57.46 | Q30: 35037.631 | R30: -34980.171
B31: 2014 | C31: 1 | D31: 55.25 | E31: -0.038461538 | G31: 74.37 | H31: 538 | I31: 94.05 | J31: 3491 | K31: 36722.03 | L31: 59.67 | P31: 55.25 | Q31: 36704.474 | R31: -36649.224
C32: 2 | D32: 58.44 | E32: 0.057737557 | G32: 75.82 | H32: 544.5 | I32: 93.83 | J32: 3411 | K32: 37089.25 | L32: 57.46 | P32: 58.44 | Q32: 37075.041 | R32: -37016.601
B33: 2015 | C33: 1 | D33: 61.63 | E33: 0.0545859 | G33: 77.27 | H33: 551 | I33: 93.61 | J33: 3331 | K33: 37456.47 | L33: 55.25 | P33: 61.63 | Q33: 37445.608 | R33: -37383.978
C34: 2 | D34: 60.27 | E34: -0.022067175 | G34: 77.28 | H34: 545 | I34: 93.555 | J34: 3446.5 | K34: 37860.33 | L34: 58.44 | P34: 60.27 | Q34: 37848.161 | R34: -37787.891
B35: 2016 | C35: 1 | D35: 58.91 | E35: -0.022565124 | G35: 77.29 | H35: 539 | I35: 93.5 | J35: 3562 | K35: 38264.19 | L35: 61.63 | P35: 58.91 | Q35: 38250.713 | R35: -38191.803
C36: 2 | D36: 63.06 | E36: 0.070446444 | G36: 77.355 | H36: 536.5 | I36: 93.545 | J36: 3699.5 | K36: 38073.45 | L36: 60.27 | P36: 63.06 | Q36: 38064.093 | R36: -38001.033
B37: 2017 | C37: 1 | D37: 67.21 | E37: 0.065810339 | G37: 77.42 | H37: 534 | I37: 93.59 | J37: 3837 | K37: 37882.71 | L37: 58.91 | P37: 67.21 | Q37: 37877.473 | R37: -37810.263
C38: 2 | D38: 68.51 | E38: 0.01934236 | G38: 77.415 | H38: 524.5 | I38: 93.99 | J38: 3865 | K38: 37753.4 | L38: 63.06 | P38: 68.51 | Q38: 37749.174 | R38: -37680.664
B39: 2018 | C39: 1 | D39: 69.81 | E39: 0.018975332 | G39: 77.41 | H39: 515 | I39: 94.39 | J39: 3893 | K39: 37624.09 | L39: 67.21 | P39: 69.81 | Q39: 37620.874 | R39: -37551.064
C40: 2 | D40: 75.625 | E40: 0.083297522 | G40: 77.54 | H40: 513 | I40: 94.41 | J40: 4014 | K40: 33814.87 | L40: 68.51 | P40: 75.625 | Q40: 33817.458 | R40: -33741.833
B41: 2019 | C41: 1 | D41: 81.44 | E41: 0.076892562 | G41: 77.67 | H41: 511 | I41: 94.43 | J41: 4135 | K41: 30005.65 | L41: 69.81 | P41: 81.44 | Q41: 30014.041 | R41: -29932.601
C42: 2 | D42: 76.64 | E42: -0.058939096 | G42: 77.94 | H42: 502.5 | I42: 94.855 | J42: 4002 | K42: 30005.65 | L42: 75.625 | P42: 76.64 | Q42: 30008.931 | R42: -29932.291
B43: 2020 | C43: 1 | D43: 71.84 | E43: -0.06263048 | G43: 78.21 | H43: 494 | I43: 95.28 | J43: 3869 | K43: 30005.65 | L43: 81.44 | P43: 71.84 | Q43: 30003.821 | R43: -29931.981
C44: 2 | D44: 74.24 | E44: 0.033407572 | G44: 78.075 | H44: 498.25 | I44: 95.0675 | J44: 3935.5 | K44: 30005.65 | L44: 78.5325 | P44: 74.24 | Q44: 30006.376 | R44: -29932.136
B45: 2021 | C45: 1 | D45: 69.328455 | E45: -0.06615766 | G45: 78.240325 | H45: 507.0784 | I45: 95.104907 | J45: 4090.5203 | K45: 37479.733 | L45: 67.742468 | P45: 69.328455 | Q45: 37475.504 | R45: -37406.175
C46: 2 | D46: 69.633444 | E46: 0.0043991902 | G46: 78.492372 | H46: 507.22905 | I46: 95.225216 | J46: 4123.962 | K46: 37764.948 | L46: 68.0016 | P46: 69.633444 | Q46: 37760.931 | R46: -37691.297
B47: 2022 | C47: 1 | D47: 69.938433 | E47: 0.0043799221 | G47: 78.74442 | H47: 507.37971 | I47: 95.345524 | J47: 4157.4037 | K47: 38050.162 | L47: 68.260732 | P47: 69.938433 | Q47: 38046.357 | R47: -37976.419
C48: 2 | D48: 70.243422 | E48: 0.004360822 | G48: 78.996467 | H48: 507.53037 | I48: 95.465833 | J48: 4190.8454 | K48: 38335.376 | L48: 68.519864 | P48: 70.243422 | Q48: 38331.784 | R48: -38261.541
B49: 2023 | D49: 70.548412 | E49: 0.0043418878
B50: 2024 | D50: 70.853401 | E50: 0.0043231173 | R50: -1145190.7
B51: 2025 | D51: 71.15839 | E51: 0.0043045084 | R51: -12654.011 | S51: 12654.011
B52: 2026 | D52: 71.463379 | E52: 0.0042860591 | I52: PPSU | J52: 0.959287 | R52: 112.49005
B53: 2027 | D53: 71.768368 | E53: 0.0042677672 | I53: KBSU | J53: -0.001733
E54: 0.0041984306 | I54: KKSU | J54: -0.764203
I55: PKSS | J55: 0.014323
I56: PJSU | J56: -0.001265
I57: ANSUt-1 | J57: -186.211
I59: Konstan | J59: 67.77345

Sheet Eq4
A1: Time | B1: Ex-Ante | C1: Ex-Post
A2: 2000 | B2: ='Persamaan 4'!D3 -> 59.86 | C2: ='Persamaan 4'!Q3 -> 12552.515
A3: 2000 | B3: ='Persamaan 4'!D4 -> 59.81 | C3: ='Persamaan 4'!Q4 -> 23830.243
A4: 2001 | B4: ='Persamaan 4'!D5 -> 59.76 | C4: ='Persamaan 4'!Q5 -> -460823.56
A5: 2001 | B5: ='Persamaan 4'!D6 -> 58.7 | C5: ='Persamaan 4'!Q6 -> 24982.432
A6: 2002 | B6: ='Persamaan 4'!D7 -> 57.64 | C6: ='Persamaan 4'!Q7 -> 210245.64
A7: 2002 | B7: ='Persamaan 4'!D8 -> 58.695 | C7: ='Persamaan 4'!Q8 -> 12791.013
A8: 2003 | B8: ='Persamaan 4'!D9 -> 59.75 | C8: ='Persamaan 4'!Q9 -> 26266.472
A9: 2003 | B9: ='Persamaan 4'!D10 -> 59.25 | C9: ='Persamaan 4'!Q10 -> 31288.679
A10: 2004 | B10: ='Persamaan 4'!D11 -> 58.75 | C10: ='Persamaan 4'!Q11 -> 26856.491
A11: 2004 | B11: ='Persamaan 4'!D12 -> 59.49 | C11: ='Persamaan 4'!Q12 -> 27187.436
A12: 2005 | B12: ='Persamaan 4'!D13 -> 60.23 | C12: ='Persamaan 4'!Q13 -> 27518.38
A13: 2005 | B13: ='Persamaan 4'!D14 -> 61.49 | C13: ='Persamaan 4'!Q14 -> 28063.219
... A47: 2022 | B47: ='Persamaan 4'!D48 -> 70.243422 | C47: ='Persamaan 4'!Q48 -> 38331.784
A48: 2023 | B48: ='Persamaan 4'!D49 -> 70.548412
A49: 2024 | B49: ='Persamaan 4'!D50 -> 70.853401
A50: 2025 | B50: ='Persamaan 4'!D51 -> 71.15839
A51: 2026 | B51: ='Persamaan 4'!D52 -> 71.463379
A52: 2027 | B52: ='Persamaan 4'!D53 -> 71.768368

Sheet Data Persamaan 4
A1: Variabel | B1: Koefisien Regresi
A2: PPSU | B2: 0.959287 | G2: ANSU | H2: PPSU | I2: KBSU | J2: KKSU | K2: PKSS | L2: PJSU | M2: ANSUT
A3: KBSU | B3: -0.001733 | F3: Average | G3: =AVERAGE('Persamaan 4'!D3:D48) -> 63.381169 | H3: =AVERAGE('Persamaan 4'!G3:G48) -> 73.325404 | I3: =AVERAGE('Persamaan 4'!H3:H48) -> 504.1406 | J3: =AVERAGE('Persamaan 4'!I3:I48) -> 92.758891 | K3: =AVERAGE('Persamaan 4'!J3:J48) -> 3438.4072 | L3: =AVERAGE('Persamaan 4'!K3:K48) -> 31918.058 | M3: =AVERAGE('Persamaan 4'!L3:L48) -> 62.689395
A4: KKSU | B4: -0.764203 | F4: Average x/ Average y | H4: =H3/$G$3 -> 1.1568957 | I4: =I3/$G$3 -> 7.954107 | J4: =J3/$G$3 -> 1.4635087 | K4: =K3/$G$3 -> 54.249666 | L4: =L3/$G$3 -> 503.58898 | M4: =M3/$G$3 -> 0.9890855
A5: PKSS | B5: 0.014323 | F5: Koef | H5: =B2 -> 0.959287 | I5: =B3 -> -0.001733 | J5: =B4 -> -0.764203 | K5: =B5 -> 0.014323 | L5: =B6 -> -0.001265 | M5: =B7 -> -186.211
A6: PJSU | B6: -0.001265 | F6: ESR | H6: =H5*H4 -> 1.109795 | I6: =I5*I4 -> -0.013784467 | J6: =J5*J4 -> -1.1184177 | K6: =K5*K4 -> 0.77701796 | L6: =L5*L4 -> -0.63704005
A7: ANSUt-1 | B7: -186.211 | F7: ELR | H7: =H6/(1-$M$5) -> 0.005928044 | I7: =I6/(1-$M$5) -> -7.3630649e-05 | J7: =J6/(1-$M$5) -> -0.0059741026 | K7: =K6/(1-$M$5) -> 0.0041504931 | L7: =L6/(1-$M$5) -> -0.0034027918
A8: Konstan | B8: 67.77345
A12: Variabel | B12: Koefisien Regresi | C12: Prob. | D12: Elastisitas | F12: Nama Variabel
D13: Esr | E13: Elr
A14: PPSU | B14: 0.9737 | C14: 0.1097 | D14: 1.109795 | E14: 0.005928044 | F14: Nilai Akses Pangan di Provinsi Sumatera Utara
A15: KBSU | B15: 0.0194 | C15: 0.0246 (a) | D15: -0.013784467 | E15: -7.3630649e-05 | F15: Kondisi Jumlah Kasus Konflik Sosial-Politik di Tambah Jumlah Fenomena Bencana Alam di Provinsi Sumatera Utara
A16: KKSU | B16: 0.7752 | C16: 0.6226 | D16: -1.1184177 | E16: -0.0059741026 | F16: Kesempatan Kerja di Provinsi Sumatera Utara
A17: PKSU | B17: 0.0161 | C17: 0.0033 (a) | D17: 0.77701796 | E17: 0.0041504931 | F17: Pendapatan Masyarakat Perkapita di Provinsi Sumatera Utara
A18: PJSU | B18: 0.0015 | C18: 0.0017 (a) | D18: -0.63704005 | E18: -0.0034027918 | F18: Panjang Jalan (Provinsi ditambah Kabupaten/Kota) di Provinsi Sumatera Utara
A19: ANSUT | B19: 0.1957 | C19: 0.0039 (a) | F19: Akses terhadap beras di Provinsi Sumatera Utara pada tahun t
A20: C | B20: 68923 | C20: 1805
A21: R-sq : 0.8442 F- hit : 1.746 Prob F < 0.01272 DW : 2.647

Sheet Persamaan 5
C1: KOBI | E1: HBDI | F1: HJGN | G1: GDPI | H1: POPI | I1: RPKD | J1: LOGt | K1: KOBI-t
M2: Nilai Aktual | N2: Nilai Prediksi
A3: 2000 | B3: 1 | C3: 27275.254 | E3: 7081 | F3: 4347 | G3: 7081 | H3: 229.16128 | I3: 43.812323 | J3: 3.30103 | K3: 27.275254 | M3: 27275.254 | N3: 1018.1061 | O3: 26257.148
B4: 2 | C4: 27553.573 | D4: 0.010204085 | E4: 7132 | F4: 4564.35 | G4: 7132 | H4: 229.86451 | I4: 44.100854 | J4: 3.30103 | K4: 27.553573 | M4: 27553.573 | N4: 1205.0843 | O4: 26348.489
A5: 2001 | B5: 1 | C5: 27831.892 | D5: 0.010101013 | E5: 7183 | F5: 4781.7 | G5: 7183 | H5: 230.56774 | I5: 44.389385 | J5: 3.3012471 | K5: 27.831892 | M5: 27831.892 | N5: 1390.1987 | O5: 26441.693
B6: 2 | C6: 28058.167 | D6: 0.0081300797 | E6: 7184.5 | F6: 4936.95 | G6: 7184.5 | H6: 231.27529 | I6: 44.681716 | J6: 3.3012471 | K6: 28.058167 | M6: 28058.167 | N6: 1191.0835 | O6: 26867.084
A7: 2002 | B7: 1 | C7: 28284.443 | D7: 0.0080645145 | E7: 7186 | F7: 5092.2 | G7: 7186 | H7: 231.98284 | I7: 44.974048 | J7: 3.3014641 | K7: 28.284443 | M7: 28284.443 | N7: 990.10531 | O7: 27294.338
B8: 2 | C8: 28441.738 | D8: 0.0055611843 | E8: 7238.5 | F8: 5442.95 | G8: 7238.5 | H8: 232.69473 | I8: 45.270229 | J8: 3.3014641 | K8: 28.441738 | M8: 28441.738 | N8: 2029.8232 | O8: 26411.915
A9: 2003 | B9: 1 | C9: 28599.033 | D9: 0.0055304286 | E9: 7291 | F9: 5793.7 | G9: 7291 | H9: 233.40662 | I9: 45.566411 | J9: 3.3016809 | K9: 28.599033 | M9: 28599.033 | N9: 3067.679 | O9: 25531.354
B10: 2 | C10: 28802.069 | D10: 0.0070993834 | E10: 7294 | F10: 6049 | G10: 7294 | H10: 234.12288 | I10: 45.866494 | J10: 3.3016809 | K10: 28.802069 | M10: 28802.069 | N10: 3499.9034 | O10: 25302.165
A11: 2004 | B11: 1 | C11: 29005.104 | D11: 0.0070493374 | E11: 7297 | F11: 6304.3 | G11: 7297 | H11: 234.83913 | I11: 46.166576 | J11: 3.3018977 | K11: 29.005104 | M11: 29005.104 | N11: 3930.2668 | O11: 25074.837
B12: 2 | C12: 29151.594 | D12: 0.0050505077 | E12: 7301.5 | F12: 6372.15 | G12: 7301.5 | H12: 235.55979 | I12: 46.470612 | J12: 3.3018977 | K12: 29.151594 | M12: 29151.594 | N12: 3102.8092 | O12: 26048.785
A13: 2005 | B13: 1 | C13: 29298.085 | D13: 0.0050251282 | E13: 7306 | F13: 6440 | G13: 7306 | H13: 236.28045 | I13: 46.774647 | J13: 3.3021144 | K13: 29.298085 | M13: 29298.085 | N13: 2273.4914 | O13: 27024.594
B14: 2 | C14: 29536.281 | D14: 0.0081300877 | E14: 7360.5 | F14: 6509 | G14: 7360.5 | H14: 237.00552 | I14: 47.082686 | J14: 3.3021144 | K14: 29.536281 | M14: 29536.281 | N14: 1396.7538 | O14: 28139.527
A15: 2006 | B15: 1 | C15: 29774.477 | D15: 0.0080645224 | E15: 7415 | F15: 6578 | G15: 7415 | H15: 237.7306 | I15: 47.390726 | J15: 3.3023309 | K15: 29.774477 | M15: 29774.477 | N15: 518.15689 | O15: 29256.32
B16: 2 | C16: 30016.546 | D16: 0.008130084 | E16: 7471 | F16: 6883.9 | G16: 7471 | H16: 238.46013 | I16: 47.702823 | J16: 3.3023309 | K16: 30.016546 | M16: 30016.546 | N16: 1194.72 | O16: 28821.826
A17: 2007 | B17: 1 | C17: 30258.615 | D17: 0.0080645188 | E17: 7527 | F17: 7189.8 | G17: 7527 | H17: 239.18966 | I17: 48.01492 | J17: 3.3025474 | K17: 30.258615 | M17: 30258.615 | N17: 1869.4247 | O17: 28389.19
B18: 2 | C18: 30442.372 | D18: 0.0060728655 | E18: 7533.5 | F18: 7347.35 | G18: 7533.5 | H18: 239.92367 | I18: 48.331128 | J18: 3.3025474 | K18: 30.442372 | M18: 30442.372 | N18: 1586.8778 | O18: 28855.494
A19: 2008 | B19: 1 | C19: 30626.128 | D19: 0.0060362084 | E19: 7540 | F19: 7504.9 | G19: 7540 | H19: 240.65767 | I19: 48.647336 | J19: 3.3027637 | K19: 30.626128 | M19: 30626.128 | N19: 1302.4735 | O19: 29323.654
B20: 2 | C20: 30890.952 | D20: 0.0086469958 | E20: 7597.5 | F20: 7775.15 | G20: 7597.5 | H20: 241.39618 | I20: 48.967708 | J20: 3.3027637 | K20: 30.890952 | M20: 30890.952 | N20: 1708.7445 | O20: 29182.208
A21: 2009 | B21: 1 | C21: 31155.776 | D21: 0.0085728663 | E21: 7655 | F21: 8045.4 | G21: 7655 | H21: 242.13469 | I21: 49.288081 | J21: 3.3029799 | K21: 31.155776 | M21: 31155.776 | N21: 2113.159 | O21: 29042.617
B22: 2 | C22: 31329.039 | D22: 0.0055611839 | E22: 7913 | F22: 8216.75 | G22: 7913 | H22: 242.87774 | I22: 49.612673 | J22: 3.3029799 | K22: 31.329039 | M22: 31329.039 | N22: 1682.0234 | O22: 29647.016
A23: 2010 | B23: 1 | C23: 31502.302 | D23: 0.0055304282 | E23: 8171 | F23: 8388.1 | G23: 8171 | H23: 243.62078 | I23: 49.937265 | J23: 3.3031961 | K23: 31.502302 | M23: 31502.302 | N23: 1249.0323 | O23: 30253.27
B24: 2 | C24: 31840.172 | D24: 0.010725232 | E24: 8230.5 | F24: 8541.05 | G24: 8230.5 | H24: 244.36838 | I24: 50.266132 | J24: 3.3031961 | K24: 31.840172
A25: 2011 | B25: 1 | C25: 32178.041 | D25: 0.010611422 | E25: 8290 | F25: 8694 | G25: 8290 | H25: 245.11599 | I25: 50.595 | J25: 3.3031961 | K25: 32.178041
B26: 2 | C26: 30802.459 | D26: -0.042749091 | E26: 8566.5 | F26: 9041.3 | G26: 8566.5 | H26: 246.78385 | I26: 50.9355 | J26: 3.3034121 | K26: 30.802459
A27: 2012 | B27: 1 | C27: 29426.877 | D27: -0.044658188 | E27: 8843 | F27: 9388.6 | G27: 8843 | H27: 248.45171 | I27: 51.276 | J27: 3.303628 | K27: 29.426877
B28: 2 | C28: 30069.708 | D28: 0.021845013 | E28: 9117 | F28: 10010.75 | G28: 9117 | H28: 250.12851 | I28: 51.6155 | J28: 3.303628 | K28: 30.069707
A29: 2013 | B29: 1 | C29: 30712.538 | D29: 0.02137801 | E29: 9391 | F29: 10632.9 | G29: 9391 | H29: 251.80531 | I29: 51.955 | J29: 3.303628 | K29: 30.712538
B30: 2 | C30: 32077.205 | D30: 0.044433547 | E30: 9749.5 | F30: 10995.15 | G30: 9749.5 | H30: 253.4667 | I30: 52.295 | J30: 3.3038438 | K30: 32.077205
A31: 2014 | B31: 1 | C31: 33441.872 | D31: 0.042543202 | E31: 10108 | F31: 11357.4 | G31: 10108 | H31: 255.12808 | I31: 52.635 | J31: 3.3038438 | K31: 33.441872
B32: 2 | C32: 34821.549 | D32: 0.041255959 | E32: 10751.5 | F32: 11616.15 | G32: 10751.5 | H32: 256.75567 | I32: 52.974 | J32: 3.3040595 | K32: 34.821549
A33: 2015 | B33: 1 | C33: 36201.225 | D33: 0.039621343 | E33: 11395 | F33: 11874.9 | G33: 11395 | H33: 258.38326 | I33: 53.313 | J33: 3.3040595 | K33: 36.201225
B34: 2 | C34: 37629.629 | D34: 0.039457339 | E34: 11728 | F34: 12061.2 | G34: 11728 | H34: 259.96982 | I34: 53.651 | J34: 3.3042751 | K34: 37.629629
A35: 2016 | B35: 1 | C35: 39058.033 | D35: 0.037959556 | E35: 12061 | F35: 12247.5 | G35: 12061 | H35: 261.55639 | I35: 53.989 | J35: 3.3042751 | K35: 39.058033
B36: 2 | C36: 43875.957 | D36: 0.12335295 | E36: 12123 | F36: 12965.1 | G36: 12123 | H36: 263.10368 | I36: 54.324 | J36: 3.3044905 | K36: 43.875957
A37: 2017 | B37: 1 | C37: 48693.88 | D37: 0.10980783 | E37: 12185 | F37: 13682.7 | G37: 12185 | H37: 264.65097 | I37: 54.659 | J37: 3.3044905 | K37: 48.69388
B38: 2 | C38: 51786.389 | D38: 0.063509182 | E38: 12494.5 | F38: 13353.8 | G38: 12494.5 | H38: 266.16076 | I38: 54.992 | J38: 3.3047059 | K38: 51.786389
A39: 2018 | B39: 1 | C39: 54878.897 | D39: 0.059716628 | E39: 12804 | F39: 13024.9 | G39: 12804 | H39: 267.67055 | I39: 55.325 | J39: 3.3047059 | K39: 54.878897
B40: 2 | C40: 51847.452 | D40: -0.055238802 | E40: 12847.5 | F40: 13070.9 | G40: 12847.5 | H40: 269.14806 | I40: 55.655 | J40: 3.3049212 | K40: 51.847453
A41: 2019 | B41: 1 | C41: 48816.008 | D41: -0.058468533 | E41: 12891 | F41: 13116.9 | G41: 12891 | H41: 270.62557 | I41: 55.985 | J41: 3.3049212 | K41: 48.816008
B42: 2 | C42: 42934.086 | D42: -0.12049167 | E42: 13013.5 | F42: 12755.8 | G42: 13013.5 | H42: 272.07459 | I42: 56.313 | J42: 3.3051363 | K42: 42.934086
A43: 2020 | B43: 1 | C43: 37052.163 | D43: -0.1369989 | E43: 13136 | F43: 12394.7 | G43: 13136 | H43: 273.52362 | I43: 56.641 | J43: 3.3051363 | K43: 37.052163
B44: 2 | C44: 39993.124 | D44: 0.079373538 | E44: 13074.75 | F44: 12575.25 | G44: 13074.75 | H44: 272.79911 | I44: 56.477 | J44: 3.3053514 | K44: 39.993124
A45: 2021 | B45: 1 | C45: 44703.19 | D45: 0.11777189 | E45: 12928.176 | F45: 14135.362 | G45: 12928.176 | H45: 271.92232 | I45: 57.143455 | J45: 3.3055663 | K45: 44.70319
B46: 2 | C46: 45192.186 | D46: 0.010938724 | E46: 13099.278 | F46: 14374.256 | G46: 13099.278 | H46: 273.03673 | I46: 57.465831 | J46: 3.3055663 | K46: 45.192186
A47: 2022 | B47: 1 | C47: 45681.182 | D47: 0.010820363 | E47: 13270.38 | F47: 14613.151 | G47: 13270.38 | H47: 274.15114 | I47: 57.788206 | J47: 3.3057812 | K47: 45.681182
B48: 2 | C48: 46170.178 | D48: 0.010704536 | E48: 13441.482 | F48: 14852.045 | G48: 13441.482 | H48: 275.26556 | I48: 58.110582 | J48: 3.3057812 | K48: 46.170178
A49: 2023 | C49: 46659.173 | D49: 0.010591163
A50: 2024 | C50: 47148.169 | D50: 0.010480166 | N50: Total | O50: 579513.52
A51: 2025 | C51: 47637.165 | D51: 0.010371471 | N51: MSE | O51: 27595.882 | P51: 27595.882
A52: 2026 | C52: 48126.161 | D52: 0.010265008 | G52: Koefisien | N52: RSME | O52: 166.12008
A53: 2027 | C53: 48615.157 | D53: 0.010160708 | G53: HBDI | H53: -1.156934
D54: 0.0126743 | G54: HJGN | H54: 6.629741
G55: GDPI | H55: 0.334186
G56: POPI | H56: -182.5063
G57: RPKD | H57: -3756.782
G58: LOGt | H58: -8585.808
G59: KOBI-t | H59: 0.921466
G61: Konstan | H61: 212758.1

Sheet Eq5
A1: Time | B1: Ex-Ante | C1: Ex-Post
A2: 2000 | B2: ='Persamaan 5'!C3 -> 27275.254 | C2: ='Persamaan 5'!N3 -> 1018.1061
A3: 2000 | B3: ='Persamaan 5'!C4 -> 27553.573 | C3: ='Persamaan 5'!N4 -> 1205.0843
A4: 2001 | B4: ='Persamaan 5'!C5 -> 27831.892 | C4: ='Persamaan 5'!N5 -> 1390.1987
A5: 2001 | B5: ='Persamaan 5'!C6 -> 28058.167 | C5: ='Persamaan 5'!N6 -> 1191.0835
A6: 2002 | B6: ='Persamaan 5'!C7 -> 28284.443 | C6: ='Persamaan 5'!N7 -> 990.10531
A7: 2002 | B7: ='Persamaan 5'!C8 -> 28441.738 | C7: ='Persamaan 5'!N8 -> 2029.8232
A8: 2003 | B8: ='Persamaan 5'!C9 -> 28599.033 | C8: ='Persamaan 5'!N9 -> 3067.679
A9: 2003 | B9: ='Persamaan 5'!C10 -> 28802.069 | C9: ='Persamaan 5'!N10 -> 3499.9034
A10: 2004 | B10: ='Persamaan 5'!C11 -> 29005.104 | C10: ='Persamaan 5'!N11 -> 3930.2668
A11: 2004 | B11: ='Persamaan 5'!C12 -> 29151.594 | C11: ='Persamaan 5'!N12 -> 3102.8092
A12: 2005 | B12: ='Persamaan 5'!C13 -> 29298.085 | C12: ='Persamaan 5'!N13 -> 2273.4914
A13: 2005 | B13: ='Persamaan 5'!C14 -> 29536.281 | C13: ='Persamaan 5'!N14 -> 1396.7538
... A22: 2010 | B22: ='Persamaan 5'!C23 -> 31502.302 | C22: ='Persamaan 5'!N23 -> 1249.0323
A23: 2010 | B23: ='Persamaan 5'!C24 -> 31840.172
A24: 2011 | B24: ='Persamaan 5'!C25 -> 32178.041
A25: 2011 | B25: ='Persamaan 5'!C26 -> 30802.459
A26: 2012 | B26: ='Persamaan 5'!C27 -> 29426.877
A27: 2012 | B27: ='Persamaan 5'!C28 -> 30069.708
A28: 2013 | B28: ='Persamaan 5'!C29 -> 30712.538
A29: 2013 | B29: ='Persamaan 5'!C30 -> 32077.205
A30: 2014 | B30: ='Persamaan 5'!C31 -> 33441.872
A31: 2014 | B31: ='Persamaan 5'!C32 -> 34821.549
A32: 2015 | B32: ='Persamaan 5'!C33 -> 36201.225
A33: 2015 | B33: ='Persamaan 5'!C34 -> 37629.629
A34: 2016 | B34: ='Persamaan 5'!C35 -> 39058.033
... A52: 2027 | B52: ='Persamaan 5'!C53 -> 48615.157

Sheet Data Persamaan 5
A1: Variabel | B1: Koefisien Regresi
A2: HBDI | B2: -1.156934 | G2: KOBI | H2: HBDI | I2: HJGN | J2: GDPI | K2: POPI | L2: RPKD | M2: LOGt | N2: KOBI-t
A3: HJGN | B3: 6.629741 | E3: Average | G3: =AVERAGE('Persamaan 5'!C3:C48) -> 35167.77 | H3: =AVERAGE('Persamaan 5'!E3:E48) -> 9591.6862 | I3: =AVERAGE('Persamaan 5'!F3:F48) -> 9476.922 | J3: =AVERAGE('Persamaan 5'!G3:G48) -> 9591.6862 | K3: =AVERAGE('Persamaan 5'!H3:H48) -> 250.19127 | L3: =AVERAGE('Persamaan 5'!I3:I48) -> 50.857127 | M3: =AVERAGE('Persamaan 5'!J3:J48) -> 3.3033675 | N3: =AVERAGE('Persamaan 5'!K3:K48) -> 35.16777
A4: GDPI | B4: 0.334186 | E4: Average x/ Average y | H4: =H3/$G$3 -> 0.27274081 | I4: =I3/$G$3 -> 0.26947748 | J4: =J3/$G$3 -> 0.27274081 | K4: =K3/$G$3 -> 0.0071142203 | L4: =L3/$G$3 -> 0.0014461288 | M4: =M3/$G$3 -> 9.3931674e-05 | N4: =N3/$G$3 -> 0.001
A5: POPI | B5: -182.5063 | E5: Koef | H5: -1.156934 | I5: 6.629741 | J5: 0.334186 | K5: -182.5063 | L5: -3756.782 | M5: -8585.808 | N5: 0.921466
A6: RPKD | B6: -3756.782 | E6: ESR | H6: =H5*H4 -> -0.31554312 | I6: =I5*I4 -> 1.7865659 | J6: =J5*J4 -> 0.091146161 | K6: =K5*K4 -> -1.29839 | L6: =L5*L4 -> -5.4327908 | M6: =M5*M4 -> -0.80647932
A7: LOGt | B7: -8585.808 | E7: ELR | H7: =H6/(1-$N$5) -> -4.0179173 | I7: =I6/(1-$N$5) -> 22.748948 | J7: =J6/(1-$N$5) -> 1.1605949 | K7: =K6/(1-$N$5) -> -16.53284 | L7: =L6/(1-$N$5) -> -69.177564 | M7: =M6/(1-$N$5) -> -10.269174
A8: KOBI-t | B8: 0.921466
A9: Konstan | B9: 212758.1
A12: Variabel | B12: Koefisien regresi | C12: Prob. | D12: Elastisitas | F12: Nama Variabel
D13: Esr | E13: Elr
A14: HBDI | B14: 1157 | C14: 0.047(a) | D14: -0.31554312 | E14: -4.0179173 | F14: Harga beras tingkat konsumen domestik secara nasional
A15: HJGN | B15: -6649 | C15: -0.8113 | D15: 1.7865659 | E15: 22.748948 | F15: Jumlah konsumsi beras untuk pangan
A16: GDPI | B16: 0.3572 | C16: 0.032(a) | D16: 0.091146161 | E16: 1.1605949 | F16: Pendapatan riil per kapita penduduk Sumatera Utara
A17: POPI | B17: 182416 | C17: 0.043(a) | D17: -1.29839 | E17: -16.53284 | F17: Jumlah total penduduk Sumatera Utara
A18: RPKD | B18: 3756712 | C18: 0.049(a) | D18: -5.4327908 | E18: -69.177564 | F18: Rasio penduduk perkotaan dan pedesaan
A19: LOGTAHUN | B19: -8715528 | C19: -0.9737 | D19: -0.80647932 | E19: -10.269174 | F19: Jumlah konsumsi beras untuk pangan log tahun
A20: KOBIT | B20: 0.9435 | C20: 0.005(a) | F20: Jumlah konsumsi beras untuk pangan
A21: C | B21: 212758.1 | C21: 0.8005
A22: R-sq : 0.8978 F- hit : 25.808 Prob F < 0.000 DW : 2.255

Sheet Data Persamaan 6
A3: Variabel | B3: Koefisien regresi | C3: Prob. | D3: Elastisitas | F3: Nama Variabel
D4: Esr | E4: Elr
A5: KESU | B5: 0.0482 | C5: 0.012 (a) | F5: Total Konsumsi Energi di Provinsi Sumatera Utara
A6: AISU | B6: 0.0472 | C6: 0.018 (a) | F6: Luas Areal Sawah Beririgasi di Provinsi Sumatera Utara
A7: CHSU | B7: 0.0003 | C7: 0.8517 | F7: Curah Hujan Sumatera Utara
A8: SKSU | B8: 0.2461 | C8: 0.0031 (a) | F8: Sanitasi dan Akses Ketersediaan Air Bersih di Provinsi Sumatera Utara
A9: IBSU | B9: 49692 | C9: 0.0081 (a) | F9: Nilai Pengetahuan Ibu Rumah Tangga Tentang Pola Makan dan Pola Asuh Kesehatan di Provinsi Sumatera Utara
A10: PYSUT | B10: 0.5769 | C10: 0.0249 (a) | F10: Penyerapan Beras (PYSU) di Provinsi Sumatera Utara pada tahun t sebelumnya
A11: C | B11: 130925 | C11: 0.0404
A12: R-sq : 0.6484 F- hit : 4.3030 Prob F < 0.011 DW : 1.793

Sheet Persamaan 7
C1: HGBI | F1: IHBI*ECRI
E2: HDGB | F2: IHBI | G2: ECRI | H2: IHBI*ECRI | I2: MPBI | J2: TPPI | K2: HEPS | N2: Aktual | O2: Prediksi
A3: 2000 | B3: 1 | C3: 2073 | E3: 1406 | F3: 363.5 | G3: 8719 | H3: 3169356.5 | I3: 755.7708 | J3: 1483290 | K3: 1984 | N3: 2073 | O3: 2188.5558 | P3: -115.5558
B4: 2 | C4: 2181.5 | D4: 0.052339604 | E4: 1636.5 | F4: 365.25 | G4: 8738.5 | H4: 3191737.1 | I4: 758.58255 | J4: 1579179 | K4: 2083 | N4: 2181.5 | O4: 2266.0005 | P4: -84.500521
A5: 2001 | B5: 1 | C5: 2290 | D5: 0.04973642 | E5: 1867 | F5: 367 | G5: 8758 | H5: 3214186 | I5: 761.3943 | J5: 1675068 | K5: 2182 | N5: 2290 | O5: 2343.4495 | P5: -53.449486
B6: 2 | C6: 2303 | D6: 0.0056768559 | E6: 1824 | F6: 348.5 | G6: 8777 | H6: 3058784.5 | I6: 795.59265 | J6: 1730833 | K6: 2253 | N6: 2303 | O6: 2419.1368 | P6: -116.13675
A7: 2002 | B7: 1 | C7: 2316 | D7: 0.0056448111 | E7: 1781 | F7: 330 | G7: 8796 | H7: 2902680 | I7: 829.791 | J7: 1786598 | K7: 2324 | N7: 2316 | O7: 2494.7803 | P7: -178.7803
B8: 2 | C8: 2506 | D8: 0.082037997 | E8: 2011 | F8: 340 | G8: 8814 | H8: 2996760 | I8: 813.44735 | J8: 1855002 | K8: 2484 | N8: 2506 | O8: 2659.0167 | P8: -153.0167
A9: 2003 | B9: 1 | C9: 2696 | D9: 0.075818037 | E9: 2241 | F9: 350 | G9: 8832 | H9: 3091200 | I9: 797.1037 | J9: 1923406 | K9: 2644 | N9: 2696 | O9: 2823.2755 | P9: -127.27549
B10: 2 | C10: 2974 | D10: 0.10311573 | E10: 2235 | F10: 340.5 | G10: 8849.5 | H10: 3013254.8 | I10: 807.55145 | J10: 1951855.5 | K10: 2761 | N10: 2974 | O10: 2960.9409 | P10: 13.059089
A11: 2004 | B11: 1 | C11: 3252 | D11: 0.093476799 | E11: 2229 | F11: 331 | G11: 8867 | H11: 2934977 | I11: 817.9992 | J11: 1980305 | K11: 2878 | N11: 3252 | O11: 3098.5857 | P11: 153.41435
B12: 2 | C12: 3191 | D12: -0.018757688 | E12: 2354.5 | F12: 311.5 | G12: 8884.5 | H12: 2767521.8 | I12: 787.5544 | J12: 1991053 | K12: 2909 | N12: 3191 | O12: 3116.2536 | P12: 74.746372
A13: 2005 | B13: 1 | C13: 3130 | D13: -0.019116264 | E13: 2480 | F13: 292 | G13: 8902 | H13: 2599384 | I13: 757.1096 | J13: 2001801 | K13: 2940 | N13: 3130 | O13: 3133.8792 | P13: -3.8791528
B14: 2 | C14: 3209.5 | D14: 0.025399361 | E14: 2405.5 | F14: 294.5 | G14: 8919 | H14: 2626645.5 | I14: 760.6936 | J14: 2091648.5 | K14: 2971.5 | N14: 3209.5 | O14: 3212.5588 | P14: -3.0587792
A15: 2006 | B15: 1 | C15: 3289 | D15: 0.024770213 | E15: 2331 | F15: 297 | G15: 8936 | H15: 2653992 | I15: 764.2776 | J15: 2181496 | K15: 3003 | N15: 3289 | O15: 3291.2437 | P15: -2.2436925
B16: 2 | C16: 3441.5 | D16: 0.046366677 | E16: 2344 | F16: 287.25 | G16: 8945.5 | H16: 2569594.9 | I16: 779.8104 | J16: 2223487.5 | K16: 3142.5 | N16: 3441.5 | O16: 3449.8474 | P16: -8.3474157
A17: 2007 | B17: 1 | C17: 3594 | D17: 0.044312073 | E17: 2357 | F17: 277.5 | G17: 8955 | H17: 2485012.5 | I17: 795.3432 | J17: 2265479 | K17: 3282 | N17: 3594 | O17: 3608.4396 | P17: -14.439616
B18: 2 | C18: 3673 | D18: 0.02198108 | E18: 2515 | F18: 208.25 | G18: 8968 | H18: 1867586 | I18: 807.8455 | J18: 2319315.5 | K18: 3354 | N18: 3673 | O18: 3616.511 | P18: 56.488986
A19: 2008 | B19: 1 | C19: 3752 | D19: 0.021508304 | E19: 2673 | F19: 139 | G19: 8981 | H19: 1248359 | I19: 820.3478 | J19: 2373152 | K19: 3426 | N19: 3752 | O19: 3624.4704 | P19: 127.52958
B20: 2 | C20: 3887 | D20: 0.03598081 | E20: 2773 | F20: 160 | G20: 8995.5 | H20: 1439280 | I20: 823.66765 | J20: 2527491.5 | K20: 3549 | N20: 3887 | O20: 3790.9515 | P20: 96.048511
A21: 2009 | B21: 1 | C21: 4022 | D21: 0.034731155 | E21: 2873 | F21: 181 | G21: 9010 | H21: 1630810 | I21: 826.9875 | J21: 2681831 | K21: 3672 | N21: 4022 | O21: 3957.4704 | P21: 64.529564
B22: 2 | C22: 4108 | D22: 0.021382397 | E22: 2986 | F22: 300.5 | G22: 9023.5 | H22: 2711561.8 | I22: 829.2375 | J22: 2814449 | K22: 3750.5 | N22: 4108 | O22: 4117.421 | P22: -9.4209759
A23: 2010 | B23: 1 | C23: 4194 | D23: 0.020934761 | E23: 3099 | F23: 420 | G23: 9037 | H23: 3795540 | I23: 831.4875 | J23: 2947067 | K23: 3829 | N23: 4194 | O23: 4277.5722 | P23: -83.572204
B24: 2 | C24: 4270.5 | D24: 0.018240343 | E24: 3156 | F24: 325.5 | G24: 9052.5 | H24: 2946588.8 | I24: 860.34525 | J24: 3277235 | K24: 3899 | N24: 4270.5 | O24: 4348.1927 | P24: -77.692737
A25: 2011 | B25: 1 | C25: 4347 | D25: 0.017913593 | E25: 3213 | F25: 231 | G25: 9068 | H25: 2094708 | I25: 889.203 | J25: 3607403 | K25: 3969 | N25: 4347 | O25: 4418.6311 | P25: -71.631055
